anatomy_id	upheno_id
FBbt:00000001	UPHENO:8000000
FBbt:00000003	UPHENO:8000001
FBbt:00000004	UPHENO:8000002
FBbt:00000005	UPHENO:8000003
FBbt:00000006	UPHENO:8000004
FBbt:00000007	UPHENO:8000005
FBbt:00000008	UPHENO:8000006
FBbt:00000009	UPHENO:8000007
FBbt:00000010	UPHENO:8000008
FBbt:00000011	UPHENO:8000009
FBbt:00000012	UPHENO:8000010
FBbt:00000013	UPHENO:8000011
FBbt:00000014	UPHENO:8000012
FBbt:00000015	UPHENO:8000013
FBbt:00000016	UPHENO:8000014
FBbt:00000017	UPHENO:8000015
FBbt:00000018	UPHENO:8000016
FBbt:00000019	UPHENO:8000017
FBbt:00000020	UPHENO:8000018
FBbt:00000021	UPHENO:8000019
FBbt:00000022	UPHENO:8000020
FBbt:00000023	UPHENO:8000021
FBbt:00000024	UPHENO:8000022
FBbt:00000025	UPHENO:8000023
FBbt:00000026	UPHENO:8000024
FBbt:00000027	UPHENO:8000025
FBbt:00000028	UPHENO:8000026
FBbt:00000029	UPHENO:8000027
FBbt:00000030	UPHENO:8000028
FBbt:00000031	UPHENO:8000029
FBbt:00000032	UPHENO:8000030
FBbt:00000033	UPHENO:8000031
FBbt:00000034	UPHENO:8000032
FBbt:00000035	UPHENO:8000033
FBbt:00000039	UPHENO:8000034
FBbt:00000040	UPHENO:8000035
FBbt:00000041	UPHENO:8000036
FBbt:00000042	UPHENO:8000037
FBbt:00000043	UPHENO:8000038
FBbt:00000044	UPHENO:8000039
FBbt:00000045	UPHENO:8000040
FBbt:00000046	UPHENO:8000041
FBbt:00000047	UPHENO:8000042
FBbt:00000051	UPHENO:8000043
FBbt:00000052	UPHENO:8000044
FBbt:00000053	UPHENO:8000045
FBbt:00000055	UPHENO:8000046
FBbt:00000056	UPHENO:8000047
FBbt:00000057	UPHENO:8000048
FBbt:00000059	UPHENO:8000049
FBbt:00000060	UPHENO:8000050
FBbt:00000061	UPHENO:8000051
FBbt:00000062	UPHENO:8000052
FBbt:00000064	UPHENO:8000053
FBbt:00000065	UPHENO:8000054
FBbt:00000069	UPHENO:8000055
FBbt:00000090	UPHENO:8000056
FBbt:00000091	UPHENO:8000057
FBbt:00000092	UPHENO:8000058
FBbt:00000093	UPHENO:8000059
FBbt:00000095	UPHENO:8000060
FBbt:00000096	UPHENO:8000061
FBbt:00000097	UPHENO:8000062
FBbt:00000101	UPHENO:8000063
FBbt:00000102	UPHENO:8000064
FBbt:00000104	UPHENO:8000065
FBbt:00000110	UPHENO:8000066
FBbt:00000111	UPHENO:8000067
FBbt:00000112	UPHENO:8000068
FBbt:00000117	UPHENO:8000069
FBbt:00000118	UPHENO:8000070
FBbt:00000123	UPHENO:8000071
FBbt:00000124	UPHENO:8000072
FBbt:00000125	UPHENO:8000073
FBbt:00000126	UPHENO:8000074
FBbt:00000127	UPHENO:8000075
FBbt:00000128	UPHENO:8000076
FBbt:00000129	UPHENO:8000077
FBbt:00000130	UPHENO:8000078
FBbt:00000136	UPHENO:8000079
FBbt:00000138	UPHENO:8000080
FBbt:00000139	UPHENO:8000081
FBbt:00000140	UPHENO:8000082
FBbt:00000141	UPHENO:8000083
FBbt:00000142	UPHENO:8000084
FBbt:00000143	UPHENO:8000085
FBbt:00000144	UPHENO:8000086
FBbt:00000145	UPHENO:8000087
FBbt:00000146	UPHENO:8000088
FBbt:00000147	UPHENO:8000089
FBbt:00000148	UPHENO:8000090
FBbt:00000149	UPHENO:8000091
FBbt:00000150	UPHENO:8000092
FBbt:00000151	UPHENO:8000093
FBbt:00000152	UPHENO:8000094
FBbt:00000153	UPHENO:8000095
FBbt:00000154	UPHENO:8000096
FBbt:00000155	UPHENO:8000097
FBbt:00000157	UPHENO:8000098
FBbt:00000158	UPHENO:8000099
FBbt:00000159	UPHENO:8000100
FBbt:00000160	UPHENO:8000101
FBbt:00000161	UPHENO:8000102
FBbt:00000162	UPHENO:8000103
FBbt:00000163	UPHENO:8000104
FBbt:00000164	UPHENO:8000105
FBbt:00000165	UPHENO:8000106
FBbt:00000166	UPHENO:8000107
FBbt:00000167	UPHENO:8000108
FBbt:00000168	UPHENO:8000109
FBbt:00000169	UPHENO:8000110
FBbt:00000170	UPHENO:8000111
FBbt:00000171	UPHENO:8000112
FBbt:00000172	UPHENO:8000113
FBbt:00000173	UPHENO:8000114
FBbt:00000174	UPHENO:8000115
FBbt:00000175	UPHENO:8000116
FBbt:00000176	UPHENO:8000117
FBbt:00000177	UPHENO:8000118
FBbt:00000178	UPHENO:8000119
FBbt:00000179	UPHENO:8000120
FBbt:00000180	UPHENO:8000121
FBbt:00000181	UPHENO:8000122
FBbt:00000182	UPHENO:8000123
FBbt:00000183	UPHENO:8000124
FBbt:00000184	UPHENO:8000125
FBbt:00000185	UPHENO:8000126
FBbt:00000186	UPHENO:8000127
FBbt:00000187	UPHENO:8000128
FBbt:00000188	UPHENO:8000129
FBbt:00000190	UPHENO:8000130
FBbt:00000191	UPHENO:8000131
FBbt:00000197	UPHENO:8000132
FBbt:00000199	UPHENO:8000133
FBbt:00000200	UPHENO:8000134
FBbt:00000202	UPHENO:8000135
FBbt:00000203	UPHENO:8000136
FBbt:00000207	UPHENO:8000137
FBbt:00000208	UPHENO:8000138
FBbt:00000211	UPHENO:8000139
FBbt:00000212	UPHENO:8000140
FBbt:00000233	UPHENO:8000141
FBbt:00000234	UPHENO:8000142
FBbt:00000244	UPHENO:8000143
FBbt:00000254	UPHENO:8000144
FBbt:00000265	UPHENO:8000145
FBbt:00000266	UPHENO:8000146
FBbt:00000267	UPHENO:8000147
FBbt:00000268	UPHENO:8000148
FBbt:00000269	UPHENO:8000149
FBbt:00000270	UPHENO:8000150
FBbt:00000271	UPHENO:8000151
FBbt:00000272	UPHENO:8000152
FBbt:00000273	UPHENO:8000153
FBbt:00000274	UPHENO:8000154
FBbt:00000275	UPHENO:8000155
FBbt:00000276	UPHENO:8000156
FBbt:00000296	UPHENO:8000157
FBbt:00000313	UPHENO:8000158
FBbt:00000325	UPHENO:8000159
FBbt:00000326	UPHENO:8000160
FBbt:00000327	UPHENO:8000161
FBbt:00000328	UPHENO:8000162
FBbt:00000329	UPHENO:8000163
FBbt:00000330	UPHENO:8000164
FBbt:00000331	UPHENO:8000165
FBbt:00000332	UPHENO:8000166
FBbt:00000333	UPHENO:8000167
FBbt:00000334	UPHENO:8000168
FBbt:00000335	UPHENO:8000169
FBbt:00000336	UPHENO:8000170
FBbt:00000337	UPHENO:8000171
FBbt:00000338	UPHENO:8000172
FBbt:00000339	UPHENO:8000173
FBbt:00000340	UPHENO:8000174
FBbt:00000372	UPHENO:8000175
FBbt:00000382	UPHENO:8000176
FBbt:00000394	UPHENO:8000177
FBbt:00000395	UPHENO:8000178
FBbt:00000396	UPHENO:8000179
FBbt:00000400	UPHENO:8000180
FBbt:00000406	UPHENO:8000181
FBbt:00000407	UPHENO:8000182
FBbt:00000408	UPHENO:8000183
FBbt:00000424	UPHENO:8000184
FBbt:00000425	UPHENO:8000185
FBbt:00000426	UPHENO:8000186
FBbt:00000434	UPHENO:8000187
FBbt:00000438	UPHENO:8000188
FBbt:00000439	UPHENO:8000189
FBbt:00000440	UPHENO:8000190
FBbt:00000441	UPHENO:8000191
FBbt:00000442	UPHENO:8000192
FBbt:00000443	UPHENO:8000193
FBbt:00000444	UPHENO:8000194
FBbt:00000446	UPHENO:8000195
FBbt:00000449	UPHENO:8000196
FBbt:00000455	UPHENO:8000197
FBbt:00000457	UPHENO:8000198
FBbt:00000458	UPHENO:8000199
FBbt:00000459	UPHENO:8000200
FBbt:00000460	UPHENO:8000201
FBbt:00000462	UPHENO:8000202
FBbt:00000463	UPHENO:8000203
FBbt:00000464	UPHENO:8000204
FBbt:00000465	UPHENO:8000205
FBbt:00000466	UPHENO:8000206
FBbt:00000467	UPHENO:8000207
FBbt:00000468	UPHENO:8000208
FBbt:00000469	UPHENO:8000209
FBbt:00000471	UPHENO:8000210
FBbt:00000472	UPHENO:8000211
FBbt:00000475	UPHENO:8000212
FBbt:00000477	UPHENO:8000213
FBbt:00000479	UPHENO:8000214
FBbt:00000480	UPHENO:8000215
FBbt:00000481	UPHENO:8000216
FBbt:00000482	UPHENO:8000217
FBbt:00000483	UPHENO:8000218
FBbt:00000487	UPHENO:8000219
FBbt:00000489	UPHENO:8000220
FBbt:00000503	UPHENO:8000221
FBbt:00000504	UPHENO:8000222
FBbt:00000509	UPHENO:8000223
FBbt:00000523	UPHENO:8000224
FBbt:00000525	UPHENO:8000225
FBbt:00000526	UPHENO:8000226
FBbt:00000529	UPHENO:8000227
FBbt:00000530	UPHENO:8000228
FBbt:00000535	UPHENO:8000229
FBbt:00000538	UPHENO:8000230
FBbt:00000540	UPHENO:8000231
FBbt:00000541	UPHENO:8000232
FBbt:00000542	UPHENO:8000233
FBbt:00000543	UPHENO:8000234
FBbt:00000544	UPHENO:8000235
FBbt:00000547	UPHENO:8000236
FBbt:00000548	UPHENO:8000237
FBbt:00000549	UPHENO:8000238
FBbt:00000555	UPHENO:8000239
FBbt:00000557	UPHENO:8000240
FBbt:00000558	UPHENO:8000241
FBbt:00000560	UPHENO:8000242
FBbt:00000563	UPHENO:8000243
FBbt:00000564	UPHENO:8000244
FBbt:00000569	UPHENO:8000245
FBbt:00000570	UPHENO:8000246
FBbt:00000571	UPHENO:8000247
FBbt:00000572	UPHENO:8000248
FBbt:00000573	UPHENO:8000249
FBbt:00000575	UPHENO:8000250
FBbt:00000576	UPHENO:8000251
FBbt:00000577	UPHENO:8000252
FBbt:00000578	UPHENO:8000253
FBbt:00000579	UPHENO:8000254
FBbt:00000583	UPHENO:8000255
FBbt:00000584	UPHENO:8000256
FBbt:00000590	UPHENO:8000257
FBbt:00000591	UPHENO:8000258
FBbt:00000592	UPHENO:8000259
FBbt:00000593	UPHENO:8000260
FBbt:00000595	UPHENO:8000261
FBbt:00000597	UPHENO:8000262
FBbt:00000600	UPHENO:8000263
FBbt:00000601	UPHENO:8000264
FBbt:00000602	UPHENO:8000265
FBbt:00000603	UPHENO:8000266
FBbt:00000604	UPHENO:8000267
FBbt:00000605	UPHENO:8000268
FBbt:00000606	UPHENO:8000269
FBbt:00000608	UPHENO:8000270
FBbt:00000609	UPHENO:8000271
FBbt:00000610	UPHENO:8000272
FBbt:00000611	UPHENO:8000273
FBbt:00000612	UPHENO:8000274
FBbt:00000613	UPHENO:8000275
FBbt:00000615	UPHENO:8000276
FBbt:00000616	UPHENO:8000277
FBbt:00000617	UPHENO:8000278
FBbt:00000618	UPHENO:8000279
FBbt:00000620	UPHENO:8000280
FBbt:00000621	UPHENO:8000281
FBbt:00000622	UPHENO:8000282
FBbt:00000625	UPHENO:8000283
FBbt:00000626	UPHENO:8000284
FBbt:00000627	UPHENO:8000285
FBbt:00000628	UPHENO:8000286
FBbt:00000629	UPHENO:8000287
FBbt:00000630	UPHENO:8000288
FBbt:00000632	UPHENO:8000289
FBbt:00000640	UPHENO:8000290
FBbt:00000642	UPHENO:8000291
FBbt:00000644	UPHENO:8000292
FBbt:00000645	UPHENO:8000293
FBbt:00000646	UPHENO:8000294
FBbt:00000649	UPHENO:8000295
FBbt:00000650	UPHENO:8000296
FBbt:00000651	UPHENO:8000297
FBbt:00000652	UPHENO:8000298
FBbt:00000654	UPHENO:8000299
FBbt:00000655	UPHENO:8000300
FBbt:00000658	UPHENO:8000301
FBbt:00000661	UPHENO:8000302
FBbt:00000662	UPHENO:8000303
FBbt:00000665	UPHENO:8000304
FBbt:00000666	UPHENO:8000305
FBbt:00000667	UPHENO:8000306
FBbt:00000668	UPHENO:8000307
FBbt:00000669	UPHENO:8000308
FBbt:00000670	UPHENO:8000309
FBbt:00000673	UPHENO:8000310
FBbt:00000674	UPHENO:8000311
FBbt:00000675	UPHENO:8000312
FBbt:00000676	UPHENO:8000313
FBbt:00000677	UPHENO:8000314
FBbt:00000678	UPHENO:8000315
FBbt:00000685	UPHENO:8000316
FBbt:00000686	UPHENO:8000317
FBbt:00000687	UPHENO:8000318
FBbt:00000689	UPHENO:8000319
FBbt:00000690	UPHENO:8000320
FBbt:00000691	UPHENO:8000321
FBbt:00000694	UPHENO:8000322
FBbt:00000695	UPHENO:8000323
FBbt:00000696	UPHENO:8000324
FBbt:00000697	UPHENO:8000325
FBbt:00000698	UPHENO:8000326
FBbt:00000700	UPHENO:8000327
FBbt:00000701	UPHENO:8000328
FBbt:00000702	UPHENO:8000329
FBbt:00000703	UPHENO:8000330
FBbt:00000704	UPHENO:8000331
FBbt:00000705	UPHENO:8000332
FBbt:00000706	UPHENO:8000333
FBbt:00000707	UPHENO:8000334
FBbt:00000710	UPHENO:8000335
FBbt:00000711	UPHENO:8000336
FBbt:00000712	UPHENO:8000337
FBbt:00000713	UPHENO:8000338
FBbt:00000714	UPHENO:8000339
FBbt:00000715	UPHENO:8000340
FBbt:00000716	UPHENO:8000341
FBbt:00000719	UPHENO:8000342
FBbt:00000720	UPHENO:8000343
FBbt:00000721	UPHENO:8000344
FBbt:00000722	UPHENO:8000345
FBbt:00000723	UPHENO:8000346
FBbt:00000724	UPHENO:8000347
FBbt:00000730	UPHENO:8000348
FBbt:00000731	UPHENO:8000349
FBbt:00000732	UPHENO:8000350
FBbt:00000734	UPHENO:8000351
FBbt:00000735	UPHENO:8000352
FBbt:00000736	UPHENO:8000353
FBbt:00000739	UPHENO:8000354
FBbt:00000740	UPHENO:8000355
FBbt:00000741	UPHENO:8000356
FBbt:00000742	UPHENO:8000357
FBbt:00000743	UPHENO:8000358
FBbt:00000745	UPHENO:8000359
FBbt:00000746	UPHENO:8000360
FBbt:00000747	UPHENO:8000361
FBbt:00000748	UPHENO:8000362
FBbt:00000749	UPHENO:8000363
FBbt:00000750	UPHENO:8000364
FBbt:00000751	UPHENO:8000365
FBbt:00000752	UPHENO:8000366
FBbt:00000755	UPHENO:8000367
FBbt:00000756	UPHENO:8000368
FBbt:00000757	UPHENO:8000369
FBbt:00000758	UPHENO:8000370
FBbt:00000759	UPHENO:8000371
FBbt:00000760	UPHENO:8000372
FBbt:00000761	UPHENO:8000373
FBbt:00000764	UPHENO:8000374
FBbt:00000766	UPHENO:8000375
FBbt:00000767	UPHENO:8000376
FBbt:00000768	UPHENO:8000377
FBbt:00000769	UPHENO:8000378
FBbt:00000772	UPHENO:8000379
FBbt:00000775	UPHENO:8000380
FBbt:00000776	UPHENO:8000381
FBbt:00000777	UPHENO:8000382
FBbt:00000779	UPHENO:8000383
FBbt:00000780	UPHENO:8000384
FBbt:00000781	UPHENO:8000385
FBbt:00000784	UPHENO:8000386
FBbt:00000785	UPHENO:8000387
FBbt:00000786	UPHENO:8000388
FBbt:00000787	UPHENO:8000389
FBbt:00000788	UPHENO:8000390
FBbt:00000790	UPHENO:8000391
FBbt:00000791	UPHENO:8000392
FBbt:00000792	UPHENO:8000393
FBbt:00000793	UPHENO:8000394
FBbt:00000794	UPHENO:8000395
FBbt:00000795	UPHENO:8000396
FBbt:00000796	UPHENO:8000397
FBbt:00000797	UPHENO:8000398
FBbt:00000800	UPHENO:8000399
FBbt:00000801	UPHENO:8000400
FBbt:00000802	UPHENO:8000401
FBbt:00000803	UPHENO:8000402
FBbt:00000804	UPHENO:8000403
FBbt:00000805	UPHENO:8000404
FBbt:00000806	UPHENO:8000405
FBbt:00000809	UPHENO:8000406
FBbt:00000811	UPHENO:8000407
FBbt:00000812	UPHENO:8000408
FBbt:00000813	UPHENO:8000409
FBbt:00000814	UPHENO:8000410
FBbt:00000817	UPHENO:8000411
FBbt:00000820	UPHENO:8000412
FBbt:00000821	UPHENO:8000413
FBbt:00000822	UPHENO:8000414
FBbt:00000824	UPHENO:8000415
FBbt:00000825	UPHENO:8000416
FBbt:00000826	UPHENO:8000417
FBbt:00000829	UPHENO:8000418
FBbt:00000830	UPHENO:8000419
FBbt:00000831	UPHENO:8000420
FBbt:00000832	UPHENO:8000421
FBbt:00000833	UPHENO:8000422
FBbt:00000835	UPHENO:8000423
FBbt:00000836	UPHENO:8000424
FBbt:00000837	UPHENO:8000425
FBbt:00000838	UPHENO:8000426
FBbt:00000839	UPHENO:8000427
FBbt:00000840	UPHENO:8000428
FBbt:00000841	UPHENO:8000429
FBbt:00000842	UPHENO:8000430
FBbt:00000845	UPHENO:8000431
FBbt:00000846	UPHENO:8000432
FBbt:00000847	UPHENO:8000433
FBbt:00000848	UPHENO:8000434
FBbt:00000849	UPHENO:8000435
FBbt:00000850	UPHENO:8000436
FBbt:00000851	UPHENO:8000437
FBbt:00000854	UPHENO:8000438
FBbt:00000856	UPHENO:8000439
FBbt:00000857	UPHENO:8000440
FBbt:00000858	UPHENO:8000441
FBbt:00000859	UPHENO:8000442
FBbt:00000865	UPHENO:8000443
FBbt:00000866	UPHENO:8000444
FBbt:00000867	UPHENO:8000445
FBbt:00000869	UPHENO:8000446
FBbt:00000870	UPHENO:8000447
FBbt:00000871	UPHENO:8000448
FBbt:00000874	UPHENO:8000449
FBbt:00000875	UPHENO:8000450
FBbt:00000876	UPHENO:8000451
FBbt:00000877	UPHENO:8000452
FBbt:00000878	UPHENO:8000453
FBbt:00000880	UPHENO:8000454
FBbt:00000881	UPHENO:8000455
FBbt:00000882	UPHENO:8000456
FBbt:00000883	UPHENO:8000457
FBbt:00000884	UPHENO:8000458
FBbt:00000885	UPHENO:8000459
FBbt:00000886	UPHENO:8000460
FBbt:00000887	UPHENO:8000461
FBbt:00000890	UPHENO:8000462
FBbt:00000891	UPHENO:8000463
FBbt:00000892	UPHENO:8000464
FBbt:00000893	UPHENO:8000465
FBbt:00000894	UPHENO:8000466
FBbt:00000895	UPHENO:8000467
FBbt:00000896	UPHENO:8000468
FBbt:00000899	UPHENO:8000469
FBbt:00000901	UPHENO:8000470
FBbt:00000902	UPHENO:8000471
FBbt:00000903	UPHENO:8000472
FBbt:00000904	UPHENO:8000473
FBbt:00000910	UPHENO:8000474
FBbt:00000911	UPHENO:8000475
FBbt:00000912	UPHENO:8000476
FBbt:00000914	UPHENO:8000477
FBbt:00000915	UPHENO:8000478
FBbt:00000916	UPHENO:8000479
FBbt:00000919	UPHENO:8000480
FBbt:00000920	UPHENO:8000481
FBbt:00000921	UPHENO:8000482
FBbt:00000922	UPHENO:8000483
FBbt:00000923	UPHENO:8000484
FBbt:00000925	UPHENO:8000485
FBbt:00000926	UPHENO:8000486
FBbt:00000927	UPHENO:8000487
FBbt:00000928	UPHENO:8000488
FBbt:00000929	UPHENO:8000489
FBbt:00000930	UPHENO:8000490
FBbt:00000931	UPHENO:8000491
FBbt:00000932	UPHENO:8000492
FBbt:00000935	UPHENO:8000493
FBbt:00000936	UPHENO:8000494
FBbt:00000937	UPHENO:8000495
FBbt:00000938	UPHENO:8000496
FBbt:00000939	UPHENO:8000497
FBbt:00000940	UPHENO:8000498
FBbt:00000941	UPHENO:8000499
FBbt:00000944	UPHENO:8000500
FBbt:00000946	UPHENO:8000501
FBbt:00000947	UPHENO:8000502
FBbt:00000948	UPHENO:8000503
FBbt:00000949	UPHENO:8000504
FBbt:00000955	UPHENO:8000505
FBbt:00000956	UPHENO:8000506
FBbt:00000969	UPHENO:8000507
FBbt:00000974	UPHENO:8000508
FBbt:00001005	UPHENO:8000509
FBbt:00001035	UPHENO:8000510
FBbt:00001040	UPHENO:8000511
FBbt:00001051	UPHENO:8000512
FBbt:00001053	UPHENO:8000513
FBbt:00001055	UPHENO:8000514
FBbt:00001056	UPHENO:8000515
FBbt:00001057	UPHENO:8000516
FBbt:00001059	UPHENO:8000517
FBbt:00001060	UPHENO:8000518
FBbt:00001061	UPHENO:8000519
FBbt:00001063	UPHENO:8000520
FBbt:00001064	UPHENO:8000521
FBbt:00001065	UPHENO:8000522
FBbt:00001066	UPHENO:8000523
FBbt:00001067	UPHENO:8000524
FBbt:00001068	UPHENO:8000525
FBbt:00001069	UPHENO:8000526
FBbt:00001082	UPHENO:8000527
FBbt:00001086	UPHENO:8000528
FBbt:00001087	UPHENO:8000529
FBbt:00001102	UPHENO:8000530
FBbt:00001103	UPHENO:8000531
FBbt:00001104	UPHENO:8000532
FBbt:00001105	UPHENO:8000533
FBbt:00001111	UPHENO:8000534
FBbt:00001112	UPHENO:8000535
FBbt:00001113	UPHENO:8000536
FBbt:00001114	UPHENO:8000537
FBbt:00001115	UPHENO:8000538
FBbt:00001116	UPHENO:8000539
FBbt:00001117	UPHENO:8000540
FBbt:00001118	UPHENO:8000541
FBbt:00001120	UPHENO:8000542
FBbt:00001126	UPHENO:8000543
FBbt:00001127	UPHENO:8000544
FBbt:00001128	UPHENO:8000545
FBbt:00001129	UPHENO:8000546
FBbt:00001130	UPHENO:8000547
FBbt:00001131	UPHENO:8000548
FBbt:00001132	UPHENO:8000549
FBbt:00001133	UPHENO:8000550
FBbt:00001134	UPHENO:8000551
FBbt:00001135	UPHENO:8000552
FBbt:00001137	UPHENO:8000553
FBbt:00001139	UPHENO:8000554
FBbt:00001172	UPHENO:8000555
FBbt:00001190	UPHENO:8000556
FBbt:00001204	UPHENO:8000557
FBbt:00001220	UPHENO:8000558
FBbt:00001247	UPHENO:8000559
FBbt:00001251	UPHENO:8000560
FBbt:00001252	UPHENO:8000561
FBbt:00001253	UPHENO:8000562
FBbt:00001256	UPHENO:8000563
FBbt:00001258	UPHENO:8000564
FBbt:00001259	UPHENO:8000565
FBbt:00001268	UPHENO:8000566
FBbt:00001276	UPHENO:8000567
FBbt:00001277	UPHENO:8000568
FBbt:00001289	UPHENO:8000569
FBbt:00001298	UPHENO:8000570
FBbt:00001299	UPHENO:8000571
FBbt:00001300	UPHENO:8000572
FBbt:00001303	UPHENO:8000573
FBbt:00001304	UPHENO:8000574
FBbt:00001306	UPHENO:8000575
FBbt:00001311	UPHENO:8000576
FBbt:00001312	UPHENO:8000577
FBbt:00001314	UPHENO:8000578
FBbt:00001315	UPHENO:8000579
FBbt:00001317	UPHENO:8000580
FBbt:00001318	UPHENO:8000581
FBbt:00001320	UPHENO:8000582
FBbt:00001321	UPHENO:8000583
FBbt:00001328	UPHENO:8000584
FBbt:00001329	UPHENO:8000585
FBbt:00001330	UPHENO:8000586
FBbt:00001331	UPHENO:8000587
FBbt:00001332	UPHENO:8000588
FBbt:00001333	UPHENO:8000589
FBbt:00001334	UPHENO:8000590
FBbt:00001367	UPHENO:8000591
FBbt:00001369	UPHENO:8000592
FBbt:00001370	UPHENO:8000593
FBbt:00001371	UPHENO:8000594
FBbt:00001373	UPHENO:8000595
FBbt:00001374	UPHENO:8000596
FBbt:00001375	UPHENO:8000597
FBbt:00001376	UPHENO:8000598
FBbt:00001377	UPHENO:8000599
FBbt:00001378	UPHENO:8000600
FBbt:00001380	UPHENO:8000601
FBbt:00001381	UPHENO:8000602
FBbt:00001382	UPHENO:8000603
FBbt:00001383	UPHENO:8000604
FBbt:00001385	UPHENO:8000605
FBbt:00001388	UPHENO:8000606
FBbt:00001389	UPHENO:8000607
FBbt:00001390	UPHENO:8000608
FBbt:00001391	UPHENO:8000609
FBbt:00001392	UPHENO:8000610
FBbt:00001393	UPHENO:8000611
FBbt:00001394	UPHENO:8000612
FBbt:00001397	UPHENO:8000613
FBbt:00001398	UPHENO:8000614
FBbt:00001399	UPHENO:8000615
FBbt:00001400	UPHENO:8000616
FBbt:00001401	UPHENO:8000617
FBbt:00001409	UPHENO:8000618
FBbt:00001410	UPHENO:8000619
FBbt:00001411	UPHENO:8000620
FBbt:00001413	UPHENO:8000621
FBbt:00001415	UPHENO:8000622
FBbt:00001416	UPHENO:8000623
FBbt:00001419	UPHENO:8000624
FBbt:00001420	UPHENO:8000625
FBbt:00001421	UPHENO:8000626
FBbt:00001422	UPHENO:8000627
FBbt:00001423	UPHENO:8000628
FBbt:00001424	UPHENO:8000629
FBbt:00001425	UPHENO:8000630
FBbt:00001426	UPHENO:8000631
FBbt:00001427	UPHENO:8000632
FBbt:00001428	UPHENO:8000633
FBbt:00001433	UPHENO:8000634
FBbt:00001434	UPHENO:8000635
FBbt:00001438	UPHENO:8000636
FBbt:00001439	UPHENO:8000637
FBbt:00001446	UPHENO:8000638
FBbt:00001447	UPHENO:8000639
FBbt:00001448	UPHENO:8000640
FBbt:00001449	UPHENO:8000641
FBbt:00001450	UPHENO:8000642
FBbt:00001451	UPHENO:8000643
FBbt:00001452	UPHENO:8000644
FBbt:00001453	UPHENO:8000645
FBbt:00001454	UPHENO:8000646
FBbt:00001455	UPHENO:8000647
FBbt:00001456	UPHENO:8000648
FBbt:00001457	UPHENO:8000649
FBbt:00001518	UPHENO:8000650
FBbt:00001519	UPHENO:8000651
FBbt:00001564	UPHENO:8000652
FBbt:00001567	UPHENO:8000653
FBbt:00001568	UPHENO:8000654
FBbt:00001572	UPHENO:8000655
FBbt:00001579	UPHENO:8000656
FBbt:00001582	UPHENO:8000657
FBbt:00001583	UPHENO:8000658
FBbt:00001584	UPHENO:8000659
FBbt:00001585	UPHENO:8000660
FBbt:00001586	UPHENO:8000661
FBbt:00001590	UPHENO:8000662
FBbt:00001592	UPHENO:8000663
FBbt:00001596	UPHENO:8000664
FBbt:00001597	UPHENO:8000665
FBbt:00001598	UPHENO:8000666
FBbt:00001599	UPHENO:8000667
FBbt:00001602	UPHENO:8000668
FBbt:00001603	UPHENO:8000669
FBbt:00001606	UPHENO:8000670
FBbt:00001616	UPHENO:8000671
FBbt:00001617	UPHENO:8000672
FBbt:00001618	UPHENO:8000673
FBbt:00001626	UPHENO:8000674
FBbt:00001641	UPHENO:8000675
FBbt:00001642	UPHENO:8000676
FBbt:00001643	UPHENO:8000677
FBbt:00001644	UPHENO:8000678
FBbt:00001647	UPHENO:8000679
FBbt:00001652	UPHENO:8000680
FBbt:00001655	UPHENO:8000681
FBbt:00001657	UPHENO:8000682
FBbt:00001659	UPHENO:8000683
FBbt:00001661	UPHENO:8000684
FBbt:00001662	UPHENO:8000685
FBbt:00001665	UPHENO:8000686
FBbt:00001666	UPHENO:8000687
FBbt:00001667	UPHENO:8000688
FBbt:00001668	UPHENO:8000689
FBbt:00001669	UPHENO:8000690
FBbt:00001670	UPHENO:8000691
FBbt:00001671	UPHENO:8000692
FBbt:00001672	UPHENO:8000693
FBbt:00001673	UPHENO:8000694
FBbt:00001674	UPHENO:8000695
FBbt:00001675	UPHENO:8000696
FBbt:00001677	UPHENO:8000697
FBbt:00001683	UPHENO:8000698
FBbt:00001684	UPHENO:8000699
FBbt:00001685	UPHENO:8000700
FBbt:00001687	UPHENO:8000701
FBbt:00001689	UPHENO:8000702
FBbt:00001690	UPHENO:8000703
FBbt:00001693	UPHENO:8000704
FBbt:00001694	UPHENO:8000705
FBbt:00001703	UPHENO:8000706
FBbt:00001704	UPHENO:8000707
FBbt:00001717	UPHENO:8000708
FBbt:00001722	UPHENO:8000709
FBbt:00001724	UPHENO:8000710
FBbt:00001725	UPHENO:8000711
FBbt:00001726	UPHENO:8000712
FBbt:00001727	UPHENO:8000713
FBbt:00001729	UPHENO:8000714
FBbt:00001730	UPHENO:8000715
FBbt:00001732	UPHENO:8000716
FBbt:00001740	UPHENO:8000717
FBbt:00001741	UPHENO:8000718
FBbt:00001743	UPHENO:8000719
FBbt:00001744	UPHENO:8000720
FBbt:00001745	UPHENO:8000721
FBbt:00001746	UPHENO:8000722
FBbt:00001747	UPHENO:8000723
FBbt:00001748	UPHENO:8000724
FBbt:00001749	UPHENO:8000725
FBbt:00001750	UPHENO:8000726
FBbt:00001751	UPHENO:8000727
FBbt:00001752	UPHENO:8000728
FBbt:00001753	UPHENO:8000729
FBbt:00001754	UPHENO:8000730
FBbt:00001755	UPHENO:8000731
FBbt:00001756	UPHENO:8000732
FBbt:00001757	UPHENO:8000733
FBbt:00001758	UPHENO:8000734
FBbt:00001761	UPHENO:8000735
FBbt:00001762	UPHENO:8000736
FBbt:00001764	UPHENO:8000737
FBbt:00001766	UPHENO:8000738
FBbt:00001767	UPHENO:8000739
FBbt:00001768	UPHENO:8000740
FBbt:00001769	UPHENO:8000741
FBbt:00001770	UPHENO:8000742
FBbt:00001771	UPHENO:8000743
FBbt:00001773	UPHENO:8000744
FBbt:00001777	UPHENO:8000745
FBbt:00001778	UPHENO:8000746
FBbt:00001779	UPHENO:8000747
FBbt:00001780	UPHENO:8000748
FBbt:00001781	UPHENO:8000749
FBbt:00001782	UPHENO:8000750
FBbt:00001783	UPHENO:8000751
FBbt:00001784	UPHENO:8000752
FBbt:00001787	UPHENO:8000753
FBbt:00001788	UPHENO:8000754
FBbt:00001789	UPHENO:8000755
FBbt:00001790	UPHENO:8000756
FBbt:00001794	UPHENO:8000757
FBbt:00001796	UPHENO:8000758
FBbt:00001798	UPHENO:8000759
FBbt:00001800	UPHENO:8000760
FBbt:00001802	UPHENO:8000761
FBbt:00001804	UPHENO:8000762
FBbt:00001806	UPHENO:8000763
FBbt:00001810	UPHENO:8000764
FBbt:00001811	UPHENO:8000765
FBbt:00001812	UPHENO:8000766
FBbt:00001813	UPHENO:8000767
FBbt:00001814	UPHENO:8000768
FBbt:00001815	UPHENO:8000769
FBbt:00001816	UPHENO:8000770
FBbt:00001819	UPHENO:8000771
FBbt:00001820	UPHENO:8000772
FBbt:00001821	UPHENO:8000773
FBbt:00001822	UPHENO:8000774
FBbt:00001823	UPHENO:8000775
FBbt:00001824	UPHENO:8000776
FBbt:00001825	UPHENO:8000777
FBbt:00001827	UPHENO:8000778
FBbt:00001828	UPHENO:8000779
FBbt:00001829	UPHENO:8000780
FBbt:00001830	UPHENO:8000781
FBbt:00001831	UPHENO:8000782
FBbt:00001832	UPHENO:8000783
FBbt:00001833	UPHENO:8000784
FBbt:00001834	UPHENO:8000785
FBbt:00001835	UPHENO:8000786
FBbt:00001836	UPHENO:8000787
FBbt:00001837	UPHENO:8000788
FBbt:00001840	UPHENO:8000789
FBbt:00001842	UPHENO:8000790
FBbt:00001843	UPHENO:8000791
FBbt:00001845	UPHENO:8000792
FBbt:00001846	UPHENO:8000793
FBbt:00001847	UPHENO:8000794
FBbt:00001848	UPHENO:8000795
FBbt:00001849	UPHENO:8000796
FBbt:00001851	UPHENO:8000797
FBbt:00001854	UPHENO:8000798
FBbt:00001855	UPHENO:8000799
FBbt:00001860	UPHENO:8000800
FBbt:00001861	UPHENO:8000801
FBbt:00001862	UPHENO:8000802
FBbt:00001863	UPHENO:8000803
FBbt:00001864	UPHENO:8000804
FBbt:00001866	UPHENO:8000805
FBbt:00001867	UPHENO:8000806
FBbt:00001870	UPHENO:8000807
FBbt:00001871	UPHENO:8000808
FBbt:00001875	UPHENO:8000809
FBbt:00001878	UPHENO:8000810
FBbt:00001880	UPHENO:8000811
FBbt:00001881	UPHENO:8000812
FBbt:00001882	UPHENO:8000813
FBbt:00001883	UPHENO:8000814
FBbt:00001884	UPHENO:8000815
FBbt:00001885	UPHENO:8000816
FBbt:00001886	UPHENO:8000817
FBbt:00001887	UPHENO:8000818
FBbt:00001888	UPHENO:8000819
FBbt:00001891	UPHENO:8000820
FBbt:00001893	UPHENO:8000821
FBbt:00001894	UPHENO:8000822
FBbt:00001895	UPHENO:8000823
FBbt:00001896	UPHENO:8000824
FBbt:00001897	UPHENO:8000825
FBbt:00001898	UPHENO:8000826
FBbt:00001903	UPHENO:8000827
FBbt:00001906	UPHENO:8000828
FBbt:00001907	UPHENO:8000829
FBbt:00001909	UPHENO:8000830
FBbt:00001911	UPHENO:8000831
FBbt:00001913	UPHENO:8000832
FBbt:00001919	UPHENO:8000833
FBbt:00001920	UPHENO:8000834
FBbt:00001922	UPHENO:8000835
FBbt:00001924	UPHENO:8000836
FBbt:00001925	UPHENO:8000837
FBbt:00001927	UPHENO:8000838
FBbt:00001929	UPHENO:8000839
FBbt:00001930	UPHENO:8000840
FBbt:00001931	UPHENO:8000841
FBbt:00001933	UPHENO:8000842
FBbt:00001935	UPHENO:8000843
FBbt:00001939	UPHENO:8000844
FBbt:00001942	UPHENO:8000845
FBbt:00001943	UPHENO:8000846
FBbt:00001948	UPHENO:8000847
FBbt:00001951	UPHENO:8000848
FBbt:00001956	UPHENO:8000849
FBbt:00001957	UPHENO:8000850
FBbt:00001962	UPHENO:8000851
FBbt:00001966	UPHENO:8000852
FBbt:00001967	UPHENO:8000853
FBbt:00001972	UPHENO:8000854
FBbt:00001981	UPHENO:8000855
FBbt:00001983	UPHENO:8000856
FBbt:00001984	UPHENO:8000857
FBbt:00001985	UPHENO:8000858
FBbt:00001987	UPHENO:8000859
FBbt:00001996	UPHENO:8000860
FBbt:00001997	UPHENO:8000861
FBbt:00001998	UPHENO:8000862
FBbt:00002001	UPHENO:8000863
FBbt:00002002	UPHENO:8000864
FBbt:00002006	UPHENO:8000865
FBbt:00002010	UPHENO:8000866
FBbt:00002012	UPHENO:8000867
FBbt:00002018	UPHENO:8000868
FBbt:00002019	UPHENO:8000869
FBbt:00002024	UPHENO:8000870
FBbt:00002025	UPHENO:8000871
FBbt:00002026	UPHENO:8000872
FBbt:00002027	UPHENO:8000873
FBbt:00002028	UPHENO:8000874
FBbt:00002029	UPHENO:8000875
FBbt:00002031	UPHENO:8000876
FBbt:00002032	UPHENO:8000877
FBbt:00002037	UPHENO:8000878
FBbt:00002038	UPHENO:8000879
FBbt:00002054	UPHENO:8000880
FBbt:00002055	UPHENO:8000881
FBbt:00002056	UPHENO:8000882
FBbt:00002057	UPHENO:8000883
FBbt:00002058	UPHENO:8000884
FBbt:00002104	UPHENO:8000885
FBbt:00002114	UPHENO:8000886
FBbt:00002125	UPHENO:8000887
FBbt:00002132	UPHENO:8000888
FBbt:00002142	UPHENO:8000889
FBbt:00002152	UPHENO:8000890
FBbt:00002163	UPHENO:8000891
FBbt:00002170	UPHENO:8000892
FBbt:00002179	UPHENO:8000893
FBbt:00002181	UPHENO:8000894
FBbt:00002197	UPHENO:8000895
FBbt:00002198	UPHENO:8000896
FBbt:00002199	UPHENO:8000897
FBbt:00002200	UPHENO:8000898
FBbt:00002201	UPHENO:8000899
FBbt:00002208	UPHENO:8000900
FBbt:00002209	UPHENO:8000901
FBbt:00002210	UPHENO:8000902
FBbt:00002211	UPHENO:8000903
FBbt:00002212	UPHENO:8000904
FBbt:00002213	UPHENO:8000905
FBbt:00002214	UPHENO:8000906
FBbt:00002215	UPHENO:8000907
FBbt:00002216	UPHENO:8000908
FBbt:00002217	UPHENO:8000909
FBbt:00002223	UPHENO:8000910
FBbt:00002231	UPHENO:8000911
FBbt:00002240	UPHENO:8000912
FBbt:00002241	UPHENO:8000913
FBbt:00002242	UPHENO:8000914
FBbt:00002243	UPHENO:8000915
FBbt:00002244	UPHENO:8000916
FBbt:00002245	UPHENO:8000917
FBbt:00002246	UPHENO:8000918
FBbt:00002248	UPHENO:8000919
FBbt:00002249	UPHENO:8000920
FBbt:00002250	UPHENO:8000921
FBbt:00002251	UPHENO:8000922
FBbt:00002252	UPHENO:8000923
FBbt:00002253	UPHENO:8000924
FBbt:00002254	UPHENO:8000925
FBbt:00002256	UPHENO:8000926
FBbt:00002257	UPHENO:8000927
FBbt:00002258	UPHENO:8000928
FBbt:00002259	UPHENO:8000929
FBbt:00002260	UPHENO:8000930
FBbt:00002261	UPHENO:8000931
FBbt:00002262	UPHENO:8000932
FBbt:00002319	UPHENO:8000933
FBbt:00002337	UPHENO:8000934
FBbt:00002338	UPHENO:8000935
FBbt:00002345	UPHENO:8000936
FBbt:00002378	UPHENO:8000937
FBbt:00002379	UPHENO:8000938
FBbt:00002380	UPHENO:8000939
FBbt:00002381	UPHENO:8000940
FBbt:00002382	UPHENO:8000941
FBbt:00002383	UPHENO:8000942
FBbt:00002384	UPHENO:8000943
FBbt:00002386	UPHENO:8000944
FBbt:00002402	UPHENO:8000945
FBbt:00002403	UPHENO:8000946
FBbt:00002410	UPHENO:8000947
FBbt:00002418	UPHENO:8000948
FBbt:00002442	UPHENO:8000949
FBbt:00002443	UPHENO:8000950
FBbt:00002444	UPHENO:8000951
FBbt:00002445	UPHENO:8000952
FBbt:00002446	UPHENO:8000953
FBbt:00002447	UPHENO:8000954
FBbt:00002448	UPHENO:8000955
FBbt:00002449	UPHENO:8000956
FBbt:00002460	UPHENO:8000957
FBbt:00002468	UPHENO:8000958
FBbt:00002476	UPHENO:8000959
FBbt:00002484	UPHENO:8000960
FBbt:00002492	UPHENO:8000961
FBbt:00002500	UPHENO:8000962
FBbt:00002509	UPHENO:8000963
FBbt:00002510	UPHENO:8000964
FBbt:00002511	UPHENO:8000965
FBbt:00002512	UPHENO:8000966
FBbt:00002513	UPHENO:8000967
FBbt:00002514	UPHENO:8000968
FBbt:00002515	UPHENO:8000969
FBbt:00002516	UPHENO:8000970
FBbt:00002517	UPHENO:8000971
FBbt:00002525	UPHENO:8000972
FBbt:00002533	UPHENO:8000973
FBbt:00002577	UPHENO:8000974
FBbt:00002578	UPHENO:8000975
FBbt:00002579	UPHENO:8000976
FBbt:00002589	UPHENO:8000977
FBbt:00002628	UPHENO:8000978
FBbt:00002630	UPHENO:8000979
FBbt:00002631	UPHENO:8000980
FBbt:00002632	UPHENO:8000981
FBbt:00002635	UPHENO:8000982
FBbt:00002638	UPHENO:8000983
FBbt:00002639	UPHENO:8000984
FBbt:00002640	UPHENO:8000985
FBbt:00002644	UPHENO:8000986
FBbt:00002649	UPHENO:8000987
FBbt:00002651	UPHENO:8000988
FBbt:00002652	UPHENO:8000989
FBbt:00002654	UPHENO:8000990
FBbt:00002655	UPHENO:8000991
FBbt:00002679	UPHENO:8000992
FBbt:00002683	UPHENO:8000993
FBbt:00002684	UPHENO:8000994
FBbt:00002686	UPHENO:8000995
FBbt:00002687	UPHENO:8000996
FBbt:00002688	UPHENO:8000997
FBbt:00002690	UPHENO:8000998
FBbt:00002701	UPHENO:8000999
FBbt:00002702	UPHENO:8001000
FBbt:00002707	UPHENO:8001001
FBbt:00002718	UPHENO:8001002
FBbt:00002719	UPHENO:8001003
FBbt:00002720	UPHENO:8001004
FBbt:00002721	UPHENO:8001005
FBbt:00002739	UPHENO:8001006
FBbt:00002743	UPHENO:8001007
FBbt:00002744	UPHENO:8001008
FBbt:00002745	UPHENO:8001009
FBbt:00002746	UPHENO:8001010
FBbt:00002752	UPHENO:8001011
FBbt:00002753	UPHENO:8001012
FBbt:00002757	UPHENO:8001013
FBbt:00002762	UPHENO:8001014
FBbt:00002763	UPHENO:8001015
FBbt:00002764	UPHENO:8001016
FBbt:00002770	UPHENO:8001017
FBbt:00002771	UPHENO:8001018
FBbt:00002775	UPHENO:8001019
FBbt:00002779	UPHENO:8001020
FBbt:00002780	UPHENO:8001021
FBbt:00002781	UPHENO:8001022
FBbt:00002783	UPHENO:8001023
FBbt:00002824	UPHENO:8001024
FBbt:00002825	UPHENO:8001025
FBbt:00002826	UPHENO:8001026
FBbt:00002827	UPHENO:8001027
FBbt:00002828	UPHENO:8001028
FBbt:00002829	UPHENO:8001029
FBbt:00002830	UPHENO:8001030
FBbt:00002831	UPHENO:8001031
FBbt:00002832	UPHENO:8001032
FBbt:00002833	UPHENO:8001033
FBbt:00002834	UPHENO:8001034
FBbt:00002835	UPHENO:8001035
FBbt:00002836	UPHENO:8001036
FBbt:00002837	UPHENO:8001037
FBbt:00002838	UPHENO:8001038
FBbt:00002840	UPHENO:8001039
FBbt:00002841	UPHENO:8001040
FBbt:00002842	UPHENO:8001041
FBbt:00002843	UPHENO:8001042
FBbt:00002844	UPHENO:8001043
FBbt:00002845	UPHENO:8001044
FBbt:00002846	UPHENO:8001045
FBbt:00002848	UPHENO:8001046
FBbt:00002849	UPHENO:8001047
FBbt:00002850	UPHENO:8001048
FBbt:00002851	UPHENO:8001049
FBbt:00002852	UPHENO:8001050
FBbt:00002853	UPHENO:8001051
FBbt:00002854	UPHENO:8001052
FBbt:00002856	UPHENO:8001053
FBbt:00002857	UPHENO:8001054
FBbt:00002858	UPHENO:8001055
FBbt:00002859	UPHENO:8001056
FBbt:00002860	UPHENO:8001057
FBbt:00002861	UPHENO:8001058
FBbt:00002862	UPHENO:8001059
FBbt:00002887	UPHENO:8001060
FBbt:00002904	UPHENO:8001061
FBbt:00002905	UPHENO:8001062
FBbt:00002906	UPHENO:8001063
FBbt:00002907	UPHENO:8001064
FBbt:00002908	UPHENO:8001065
FBbt:00002909	UPHENO:8001066
FBbt:00002910	UPHENO:8001067
FBbt:00002911	UPHENO:8001068
FBbt:00002920	UPHENO:8001069
FBbt:00002921	UPHENO:8001070
FBbt:00002922	UPHENO:8001071
FBbt:00002923	UPHENO:8001072
FBbt:00002924	UPHENO:8001073
FBbt:00002925	UPHENO:8001074
FBbt:00002926	UPHENO:8001075
FBbt:00002927	UPHENO:8001076
FBbt:00002935	UPHENO:8001077
FBbt:00002941	UPHENO:8001078
FBbt:00002946	UPHENO:8001079
FBbt:00002951	UPHENO:8001080
FBbt:00002952	UPHENO:8001081
FBbt:00002953	UPHENO:8001082
FBbt:00002996	UPHENO:8001083
FBbt:00002997	UPHENO:8001084
FBbt:00003003	UPHENO:8001085
FBbt:00003004	UPHENO:8001086
FBbt:00003006	UPHENO:8001087
FBbt:00003007	UPHENO:8001088
FBbt:00003012	UPHENO:8001089
FBbt:00003017	UPHENO:8001090
FBbt:00003018	UPHENO:8001091
FBbt:00003019	UPHENO:8001092
FBbt:00003020	UPHENO:8001093
FBbt:00003021	UPHENO:8001094
FBbt:00003022	UPHENO:8001095
FBbt:00003023	UPHENO:8001096
FBbt:00003024	UPHENO:8001097
FBbt:00003025	UPHENO:8001098
FBbt:00003026	UPHENO:8001099
FBbt:00003027	UPHENO:8001100
FBbt:00003028	UPHENO:8001101
FBbt:00003029	UPHENO:8001102
FBbt:00003030	UPHENO:8001103
FBbt:00003031	UPHENO:8001104
FBbt:00003032	UPHENO:8001105
FBbt:00003033	UPHENO:8001106
FBbt:00003037	UPHENO:8001107
FBbt:00003051	UPHENO:8001108
FBbt:00003070	UPHENO:8001109
FBbt:00003083	UPHENO:8001110
FBbt:00003120	UPHENO:8001111
FBbt:00003125	UPHENO:8001112
FBbt:00003127	UPHENO:8001113
FBbt:00003133	UPHENO:8001114
FBbt:00003135	UPHENO:8001115
FBbt:00003138	UPHENO:8001116
FBbt:00003139	UPHENO:8001117
FBbt:00003140	UPHENO:8001118
FBbt:00003143	UPHENO:8001119
FBbt:00003144	UPHENO:8001120
FBbt:00003151	UPHENO:8001121
FBbt:00003152	UPHENO:8001122
FBbt:00003154	UPHENO:8001123
FBbt:00003156	UPHENO:8001124
FBbt:00003183	UPHENO:8001125
FBbt:00003184	UPHENO:8001126
FBbt:00003208	UPHENO:8001127
FBbt:00003209	UPHENO:8001128
FBbt:00003213	UPHENO:8001129
FBbt:00003215	UPHENO:8001130
FBbt:00003217	UPHENO:8001131
FBbt:00003218	UPHENO:8001132
FBbt:00003232	UPHENO:8001133
FBbt:00003233	UPHENO:8001134
FBbt:00003234	UPHENO:8001135
FBbt:00003235	UPHENO:8001136
FBbt:00003236	UPHENO:8001137
FBbt:00003237	UPHENO:8001138
FBbt:00003238	UPHENO:8001139
FBbt:00003239	UPHENO:8001140
FBbt:00003240	UPHENO:8001141
FBbt:00003241	UPHENO:8001142
FBbt:00003242	UPHENO:8001143
FBbt:00003243	UPHENO:8001144
FBbt:00003244	UPHENO:8001145
FBbt:00003245	UPHENO:8001146
FBbt:00003246	UPHENO:8001147
FBbt:00003247	UPHENO:8001148
FBbt:00003248	UPHENO:8001149
FBbt:00003249	UPHENO:8001150
FBbt:00003250	UPHENO:8001151
FBbt:00003251	UPHENO:8001152
FBbt:00003252	UPHENO:8001153
FBbt:00003253	UPHENO:8001154
FBbt:00003254	UPHENO:8001155
FBbt:00003255	UPHENO:8001156
FBbt:00003256	UPHENO:8001157
FBbt:00003257	UPHENO:8001158
FBbt:00003258	UPHENO:8001159
FBbt:00003259	UPHENO:8001160
FBbt:00003262	UPHENO:8001161
FBbt:00003284	UPHENO:8001162
FBbt:00003285	UPHENO:8001163
FBbt:00003305	UPHENO:8001164
FBbt:00003318	UPHENO:8001165
FBbt:00003329	UPHENO:8001166
FBbt:00003339	UPHENO:8001167
FBbt:00003360	UPHENO:8001168
FBbt:00003361	UPHENO:8001169
FBbt:00003362	UPHENO:8001170
FBbt:00003363	UPHENO:8001171
FBbt:00003364	UPHENO:8001172
FBbt:00003365	UPHENO:8001173
FBbt:00003366	UPHENO:8001174
FBbt:00003367	UPHENO:8001175
FBbt:00003368	UPHENO:8001176
FBbt:00003369	UPHENO:8001177
FBbt:00003370	UPHENO:8001178
FBbt:00003371	UPHENO:8001179
FBbt:00003372	UPHENO:8001180
FBbt:00003373	UPHENO:8001181
FBbt:00003374	UPHENO:8001182
FBbt:00003375	UPHENO:8001183
FBbt:00003376	UPHENO:8001184
FBbt:00003377	UPHENO:8001185
FBbt:00003378	UPHENO:8001186
FBbt:00003379	UPHENO:8001187
FBbt:00003385	UPHENO:8001188
FBbt:00003386	UPHENO:8001189
FBbt:00003388	UPHENO:8001190
FBbt:00003389	UPHENO:8001191
FBbt:00003404	UPHENO:8001192
FBbt:00003447	UPHENO:8001193
FBbt:00003448	UPHENO:8001194
FBbt:00003462	UPHENO:8001195
FBbt:00003479	UPHENO:8001196
FBbt:00003506	UPHENO:8001197
FBbt:00003524	UPHENO:8001198
FBbt:00003534	UPHENO:8001199
FBbt:00003535	UPHENO:8001200
FBbt:00003536	UPHENO:8001201
FBbt:00003543	UPHENO:8001202
FBbt:00003550	UPHENO:8001203
FBbt:00003553	UPHENO:8001204
FBbt:00003558	UPHENO:8001205
FBbt:00003559	UPHENO:8001206
FBbt:00003561	UPHENO:8001207
FBbt:00003584	UPHENO:8001208
FBbt:00003594	UPHENO:8001209
FBbt:00003596	UPHENO:8001210
FBbt:00003599	UPHENO:8001211
FBbt:00003600	UPHENO:8001212
FBbt:00003601	UPHENO:8001213
FBbt:00003602	UPHENO:8001214
FBbt:00003603	UPHENO:8001215
FBbt:00003611	UPHENO:8001216
FBbt:00003612	UPHENO:8001217
FBbt:00003613	UPHENO:8001218
FBbt:00003614	UPHENO:8001219
FBbt:00003615	UPHENO:8001220
FBbt:00003623	UPHENO:8001221
FBbt:00003624	UPHENO:8001222
FBbt:00003626	UPHENO:8001223
FBbt:00003627	UPHENO:8001224
FBbt:00003629	UPHENO:8001225
FBbt:00003632	UPHENO:8001226
FBbt:00003649	UPHENO:8001227
FBbt:00003653	UPHENO:8001228
FBbt:00003664	UPHENO:8001229
FBbt:00003668	UPHENO:8001230
FBbt:00003669	UPHENO:8001231
FBbt:00003678	UPHENO:8001232
FBbt:00003679	UPHENO:8001233
FBbt:00003680	UPHENO:8001234
FBbt:00003684	UPHENO:8001235
FBbt:00003685	UPHENO:8001236
FBbt:00003686	UPHENO:8001237
FBbt:00003687	UPHENO:8001238
FBbt:00003688	UPHENO:8001239
FBbt:00003698	UPHENO:8001240
FBbt:00003699	UPHENO:8001241
FBbt:00003700	UPHENO:8001242
FBbt:00003701	UPHENO:8001243
FBbt:00003702	UPHENO:8001244
FBbt:00003708	UPHENO:8001245
FBbt:00003718	UPHENO:8001246
FBbt:00003719	UPHENO:8001247
FBbt:00003720	UPHENO:8001248
FBbt:00003721	UPHENO:8001249
FBbt:00003722	UPHENO:8001250
FBbt:00003725	UPHENO:8001251
FBbt:00003726	UPHENO:8001252
FBbt:00003731	UPHENO:8001253
FBbt:00003736	UPHENO:8001254
FBbt:00003741	UPHENO:8001255
FBbt:00003745	UPHENO:8001256
FBbt:00003746	UPHENO:8001257
FBbt:00003747	UPHENO:8001258
FBbt:00003748	UPHENO:8001259
FBbt:00003749	UPHENO:8001260
FBbt:00003750	UPHENO:8001261
FBbt:00003751	UPHENO:8001262
FBbt:00003752	UPHENO:8001263
FBbt:00003754	UPHENO:8001264
FBbt:00003755	UPHENO:8001265
FBbt:00003756	UPHENO:8001266
FBbt:00003757	UPHENO:8001267
FBbt:00003758	UPHENO:8001268
FBbt:00003759	UPHENO:8001269
FBbt:00003760	UPHENO:8001270
FBbt:00003761	UPHENO:8001271
FBbt:00003762	UPHENO:8001272
FBbt:00003763	UPHENO:8001273
FBbt:00003764	UPHENO:8001274
FBbt:00003765	UPHENO:8001275
FBbt:00003766	UPHENO:8001276
FBbt:00003768	UPHENO:8001277
FBbt:00003771	UPHENO:8001278
FBbt:00003776	UPHENO:8001279
FBbt:00003788	UPHENO:8001280
FBbt:00003789	UPHENO:8001281
FBbt:00003808	UPHENO:8001282
FBbt:00003815	UPHENO:8001283
FBbt:00003833	UPHENO:8001284
FBbt:00003852	UPHENO:8001285
FBbt:00003885	UPHENO:8001286
FBbt:00003917	UPHENO:8001287
FBbt:00003921	UPHENO:8001288
FBbt:00003924	UPHENO:8001289
FBbt:00003925	UPHENO:8001290
FBbt:00003932	UPHENO:8001291
FBbt:00003934	UPHENO:8001292
FBbt:00003936	UPHENO:8001293
FBbt:00003937	UPHENO:8001294
FBbt:00003940	UPHENO:8001295
FBbt:00003941	UPHENO:8001296
FBbt:00003942	UPHENO:8001297
FBbt:00003943	UPHENO:8001298
FBbt:00003944	UPHENO:8001299
FBbt:00003946	UPHENO:8001300
FBbt:00003947	UPHENO:8001301
FBbt:00003949	UPHENO:8001302
FBbt:00003951	UPHENO:8001303
FBbt:00003952	UPHENO:8001304
FBbt:00003953	UPHENO:8001305
FBbt:00003954	UPHENO:8001306
FBbt:00003955	UPHENO:8001307
FBbt:00003956	UPHENO:8001308
FBbt:00003957	UPHENO:8001309
FBbt:00003960	UPHENO:8001310
FBbt:00003961	UPHENO:8001311
FBbt:00003963	UPHENO:8001312
FBbt:00003964	UPHENO:8001313
FBbt:00003965	UPHENO:8001314
FBbt:00003968	UPHENO:8001315
FBbt:00003969	UPHENO:8001316
FBbt:00003971	UPHENO:8001317
FBbt:00003972	UPHENO:8001318
FBbt:00003973	UPHENO:8001319
FBbt:00003975	UPHENO:8001320
FBbt:00003976	UPHENO:8001321
FBbt:00003979	UPHENO:8001322
FBbt:00003980	UPHENO:8001323
FBbt:00003985	UPHENO:8001324
FBbt:00003999	UPHENO:8001325
FBbt:00004001	UPHENO:8001326
FBbt:00004011	UPHENO:8001327
FBbt:00004013	UPHENO:8001328
FBbt:00004019	UPHENO:8001329
FBbt:00004020	UPHENO:8001330
FBbt:00004044	UPHENO:8001331
FBbt:00004045	UPHENO:8001332
FBbt:00004046	UPHENO:8001333
FBbt:00004048	UPHENO:8001334
FBbt:00004052	UPHENO:8001335
FBbt:00004054	UPHENO:8001336
FBbt:00004059	UPHENO:8001337
FBbt:00004065	UPHENO:8001338
FBbt:00004074	UPHENO:8001339
FBbt:00004078	UPHENO:8001340
FBbt:00004079	UPHENO:8001341
FBbt:00004080	UPHENO:8001342
FBbt:00004083	UPHENO:8001343
FBbt:00004086	UPHENO:8001344
FBbt:00004092	UPHENO:8001345
FBbt:00004096	UPHENO:8001346
FBbt:00004097	UPHENO:8001347
FBbt:00004101	UPHENO:8001348
FBbt:00004114	UPHENO:8001349
FBbt:00004115	UPHENO:8001350
FBbt:00004116	UPHENO:8001351
FBbt:00004117	UPHENO:8001352
FBbt:00004118	UPHENO:8001353
FBbt:00004119	UPHENO:8001354
FBbt:00004120	UPHENO:8001355
FBbt:00004121	UPHENO:8001356
FBbt:00004122	UPHENO:8001357
FBbt:00004123	UPHENO:8001358
FBbt:00004124	UPHENO:8001359
FBbt:00004126	UPHENO:8001360
FBbt:00004127	UPHENO:8001361
FBbt:00004128	UPHENO:8001362
FBbt:00004129	UPHENO:8001363
FBbt:00004130	UPHENO:8001364
FBbt:00004133	UPHENO:8001365
FBbt:00004146	UPHENO:8001366
FBbt:00004158	UPHENO:8001367
FBbt:00004159	UPHENO:8001368
FBbt:00004160	UPHENO:8001369
FBbt:00004161	UPHENO:8001370
FBbt:00004162	UPHENO:8001371
FBbt:00004164	UPHENO:8001372
FBbt:00004170	UPHENO:8001373
FBbt:00004172	UPHENO:8001374
FBbt:00004173	UPHENO:8001375
FBbt:00004174	UPHENO:8001376
FBbt:00004177	UPHENO:8001377
FBbt:00004178	UPHENO:8001378
FBbt:00004179	UPHENO:8001379
FBbt:00004184	UPHENO:8001380
FBbt:00004191	UPHENO:8001381
FBbt:00004193	UPHENO:8001382
FBbt:00004194	UPHENO:8001383
FBbt:00004195	UPHENO:8001384
FBbt:00004198	UPHENO:8001385
FBbt:00004199	UPHENO:8001386
FBbt:00004200	UPHENO:8001387
FBbt:00004207	UPHENO:8001388
FBbt:00004210	UPHENO:8001389
FBbt:00004211	UPHENO:8001390
FBbt:00004213	UPHENO:8001391
FBbt:00004214	UPHENO:8001392
FBbt:00004215	UPHENO:8001393
FBbt:00004216	UPHENO:8001394
FBbt:00004217	UPHENO:8001395
FBbt:00004218	UPHENO:8001396
FBbt:00004219	UPHENO:8001397
FBbt:00004220	UPHENO:8001398
FBbt:00004221	UPHENO:8001399
FBbt:00004222	UPHENO:8001400
FBbt:00004223	UPHENO:8001401
FBbt:00004224	UPHENO:8001402
FBbt:00004225	UPHENO:8001403
FBbt:00004226	UPHENO:8001404
FBbt:00004227	UPHENO:8001405
FBbt:00004228	UPHENO:8001406
FBbt:00004229	UPHENO:8001407
FBbt:00004230	UPHENO:8001408
FBbt:00004231	UPHENO:8001409
FBbt:00004232	UPHENO:8001410
FBbt:00004233	UPHENO:8001411
FBbt:00004235	UPHENO:8001412
FBbt:00004236	UPHENO:8001413
FBbt:00004237	UPHENO:8001414
FBbt:00004238	UPHENO:8001415
FBbt:00004239	UPHENO:8001416
FBbt:00004241	UPHENO:8001417
FBbt:00004242	UPHENO:8001418
FBbt:00004243	UPHENO:8001419
FBbt:00004244	UPHENO:8001420
FBbt:00004245	UPHENO:8001421
FBbt:00004246	UPHENO:8001422
FBbt:00004249	UPHENO:8001423
FBbt:00004250	UPHENO:8001424
FBbt:00004251	UPHENO:8001425
FBbt:00004252	UPHENO:8001426
FBbt:00004253	UPHENO:8001427
FBbt:00004255	UPHENO:8001428
FBbt:00004259	UPHENO:8001429
FBbt:00004270	UPHENO:8001430
FBbt:00004278	UPHENO:8001431
FBbt:00004279	UPHENO:8001432
FBbt:00004282	UPHENO:8001433
FBbt:00004283	UPHENO:8001434
FBbt:00004286	UPHENO:8001435
FBbt:00004296	UPHENO:8001436
FBbt:00004298	UPHENO:8001437
FBbt:00004299	UPHENO:8001438
FBbt:00004300	UPHENO:8001439
FBbt:00004301	UPHENO:8001440
FBbt:00004302	UPHENO:8001441
FBbt:00004303	UPHENO:8001442
FBbt:00004304	UPHENO:8001443
FBbt:00004305	UPHENO:8001444
FBbt:00004306	UPHENO:8001445
FBbt:00004307	UPHENO:8001446
FBbt:00004308	UPHENO:8001447
FBbt:00004309	UPHENO:8001448
FBbt:00004310	UPHENO:8001449
FBbt:00004311	UPHENO:8001450
FBbt:00004312	UPHENO:8001451
FBbt:00004313	UPHENO:8001452
FBbt:00004314	UPHENO:8001453
FBbt:00004315	UPHENO:8001454
FBbt:00004316	UPHENO:8001455
FBbt:00004317	UPHENO:8001456
FBbt:00004318	UPHENO:8001457
FBbt:00004319	UPHENO:8001458
FBbt:00004320	UPHENO:8001459
FBbt:00004322	UPHENO:8001460
FBbt:00004323	UPHENO:8001461
FBbt:00004326	UPHENO:8001462
FBbt:00004327	UPHENO:8001463
FBbt:00004328	UPHENO:8001464
FBbt:00004329	UPHENO:8001465
FBbt:00004330	UPHENO:8001466
FBbt:00004331	UPHENO:8001467
FBbt:00004332	UPHENO:8001468
FBbt:00004333	UPHENO:8001469
FBbt:00004334	UPHENO:8001470
FBbt:00004335	UPHENO:8001471
FBbt:00004336	UPHENO:8001472
FBbt:00004337	UPHENO:8001473
FBbt:00004338	UPHENO:8001474
FBbt:00004339	UPHENO:8001475
FBbt:00004340	UPHENO:8001476
FBbt:00004342	UPHENO:8001477
FBbt:00004343	UPHENO:8001478
FBbt:00004344	UPHENO:8001479
FBbt:00004345	UPHENO:8001480
FBbt:00004346	UPHENO:8001481
FBbt:00004351	UPHENO:8001482
FBbt:00004352	UPHENO:8001483
FBbt:00004362	UPHENO:8001484
FBbt:00004363	UPHENO:8001485
FBbt:00004364	UPHENO:8001486
FBbt:00004368	UPHENO:8001487
FBbt:00004379	UPHENO:8001488
FBbt:00004387	UPHENO:8001489
FBbt:00004389	UPHENO:8001490
FBbt:00004392	UPHENO:8001491
FBbt:00004393	UPHENO:8001492
FBbt:00004394	UPHENO:8001493
FBbt:00004395	UPHENO:8001494
FBbt:00004396	UPHENO:8001495
FBbt:00004397	UPHENO:8001496
FBbt:00004398	UPHENO:8001497
FBbt:00004399	UPHENO:8001498
FBbt:00004400	UPHENO:8001499
FBbt:00004401	UPHENO:8001500
FBbt:00004402	UPHENO:8001501
FBbt:00004403	UPHENO:8001502
FBbt:00004404	UPHENO:8001503
FBbt:00004405	UPHENO:8001504
FBbt:00004406	UPHENO:8001505
FBbt:00004408	UPHENO:8001506
FBbt:00004410	UPHENO:8001507
FBbt:00004414	UPHENO:8001508
FBbt:00004415	UPHENO:8001509
FBbt:00004420	UPHENO:8001510
FBbt:00004421	UPHENO:8001511
FBbt:00004422	UPHENO:8001512
FBbt:00004437	UPHENO:8001513
FBbt:00004445	UPHENO:8001514
FBbt:00004446	UPHENO:8001515
FBbt:00004448	UPHENO:8001516
FBbt:00004452	UPHENO:8001517
FBbt:00004461	UPHENO:8001518
FBbt:00004462	UPHENO:8001519
FBbt:00004463	UPHENO:8001520
FBbt:00004465	UPHENO:8001521
FBbt:00004466	UPHENO:8001522
FBbt:00004467	UPHENO:8001523
FBbt:00004469	UPHENO:8001524
FBbt:00004470	UPHENO:8001525
FBbt:00004471	UPHENO:8001526
FBbt:00004472	UPHENO:8001527
FBbt:00004473	UPHENO:8001528
FBbt:00004475	UPHENO:8001529
FBbt:00004476	UPHENO:8001530
FBbt:00004477	UPHENO:8001531
FBbt:00004481	UPHENO:8001532
FBbt:00004482	UPHENO:8001533
FBbt:00004483	UPHENO:8001534
FBbt:00004485	UPHENO:8001535
FBbt:00004488	UPHENO:8001536
FBbt:00004491	UPHENO:8001537
FBbt:00004492	UPHENO:8001538
FBbt:00004495	UPHENO:8001539
FBbt:00004496	UPHENO:8001540
FBbt:00004498	UPHENO:8001541
FBbt:00004499	UPHENO:8001542
FBbt:00004505	UPHENO:8001543
FBbt:00004506	UPHENO:8001544
FBbt:00004507	UPHENO:8001545
FBbt:00004508	UPHENO:8001546
FBbt:00004509	UPHENO:8001547
FBbt:00004510	UPHENO:8001548
FBbt:00004511	UPHENO:8001549
FBbt:00004513	UPHENO:8001550
FBbt:00004514	UPHENO:8001551
FBbt:00004515	UPHENO:8001552
FBbt:00004516	UPHENO:8001553
FBbt:00004517	UPHENO:8001554
FBbt:00004518	UPHENO:8001555
FBbt:00004519	UPHENO:8001556
FBbt:00004520	UPHENO:8001557
FBbt:00004522	UPHENO:8001558
FBbt:00004531	UPHENO:8001559
FBbt:00004535	UPHENO:8001560
FBbt:00004538	UPHENO:8001561
FBbt:00004542	UPHENO:8001562
FBbt:00004546	UPHENO:8001563
FBbt:00004550	UPHENO:8001564
FBbt:00004551	UPHENO:8001565
FBbt:00004552	UPHENO:8001566
FBbt:00004553	UPHENO:8001567
FBbt:00004558	UPHENO:8001568
FBbt:00004559	UPHENO:8001569
FBbt:00004561	UPHENO:8001570
FBbt:00004562	UPHENO:8001571
FBbt:00004566	UPHENO:8001572
FBbt:00004578	UPHENO:8001573
FBbt:00004579	UPHENO:8001574
FBbt:00004580	UPHENO:8001575
FBbt:00004581	UPHENO:8001576
FBbt:00004582	UPHENO:8001577
FBbt:00004583	UPHENO:8001578
FBbt:00004585	UPHENO:8001579
FBbt:00004586	UPHENO:8001580
FBbt:00004587	UPHENO:8001581
FBbt:00004588	UPHENO:8001582
FBbt:00004589	UPHENO:8001583
FBbt:00004591	UPHENO:8001584
FBbt:00004594	UPHENO:8001585
FBbt:00004595	UPHENO:8001586
FBbt:00004597	UPHENO:8001587
FBbt:00004604	UPHENO:8001588
FBbt:00004605	UPHENO:8001589
FBbt:00004621	UPHENO:8001590
FBbt:00004622	UPHENO:8001591
FBbt:00004623	UPHENO:8001592
FBbt:00004624	UPHENO:8001593
FBbt:00004625	UPHENO:8001594
FBbt:00004640	UPHENO:8001595
FBbt:00004641	UPHENO:8001596
FBbt:00004642	UPHENO:8001597
FBbt:00004643	UPHENO:8001598
FBbt:00004644	UPHENO:8001599
FBbt:00004645	UPHENO:8001600
FBbt:00004646	UPHENO:8001601
FBbt:00004648	UPHENO:8001602
FBbt:00004649	UPHENO:8001603
FBbt:00004650	UPHENO:8001604
FBbt:00004651	UPHENO:8001605
FBbt:00004653	UPHENO:8001606
FBbt:00004655	UPHENO:8001607
FBbt:00004659	UPHENO:8001608
FBbt:00004660	UPHENO:8001609
FBbt:00004663	UPHENO:8001610
FBbt:00004664	UPHENO:8001611
FBbt:00004665	UPHENO:8001612
FBbt:00004667	UPHENO:8001613
FBbt:00004668	UPHENO:8001614
FBbt:00004670	UPHENO:8001615
FBbt:00004671	UPHENO:8001616
FBbt:00004672	UPHENO:8001617
FBbt:00004673	UPHENO:8001618
FBbt:00004674	UPHENO:8001619
FBbt:00004682	UPHENO:8001620
FBbt:00004685	UPHENO:8001621
FBbt:00004686	UPHENO:8001622
FBbt:00004687	UPHENO:8001623
FBbt:00004689	UPHENO:8001624
FBbt:00004690	UPHENO:8001625
FBbt:00004692	UPHENO:8001626
FBbt:00004693	UPHENO:8001627
FBbt:00004694	UPHENO:8001628
FBbt:00004695	UPHENO:8001629
FBbt:00004696	UPHENO:8001630
FBbt:00004704	UPHENO:8001631
FBbt:00004707	UPHENO:8001632
FBbt:00004708	UPHENO:8001633
FBbt:00004709	UPHENO:8001634
FBbt:00004710	UPHENO:8001635
FBbt:00004711	UPHENO:8001636
FBbt:00004712	UPHENO:8001637
FBbt:00004714	UPHENO:8001638
FBbt:00004715	UPHENO:8001639
FBbt:00004716	UPHENO:8001640
FBbt:00004717	UPHENO:8001641
FBbt:00004718	UPHENO:8001642
FBbt:00004726	UPHENO:8001643
FBbt:00004729	UPHENO:8001644
FBbt:00004730	UPHENO:8001645
FBbt:00004731	UPHENO:8001646
FBbt:00004732	UPHENO:8001647
FBbt:00004733	UPHENO:8001648
FBbt:00004734	UPHENO:8001649
FBbt:00004736	UPHENO:8001650
FBbt:00004737	UPHENO:8001651
FBbt:00004738	UPHENO:8001652
FBbt:00004739	UPHENO:8001653
FBbt:00004740	UPHENO:8001654
FBbt:00004743	UPHENO:8001655
FBbt:00004744	UPHENO:8001656
FBbt:00004745	UPHENO:8001657
FBbt:00004747	UPHENO:8001658
FBbt:00004751	UPHENO:8001659
FBbt:00004755	UPHENO:8001660
FBbt:00004756	UPHENO:8001661
FBbt:00004757	UPHENO:8001662
FBbt:00004759	UPHENO:8001663
FBbt:00004760	UPHENO:8001664
FBbt:00004761	UPHENO:8001665
FBbt:00004762	UPHENO:8001666
FBbt:00004763	UPHENO:8001667
FBbt:00004764	UPHENO:8001668
FBbt:00004765	UPHENO:8001669
FBbt:00004766	UPHENO:8001670
FBbt:00004767	UPHENO:8001671
FBbt:00004768	UPHENO:8001672
FBbt:00004769	UPHENO:8001673
FBbt:00004770	UPHENO:8001674
FBbt:00004771	UPHENO:8001675
FBbt:00004772	UPHENO:8001676
FBbt:00004773	UPHENO:8001677
FBbt:00004774	UPHENO:8001678
FBbt:00004775	UPHENO:8001679
FBbt:00004776	UPHENO:8001680
FBbt:00004779	UPHENO:8001681
FBbt:00004781	UPHENO:8001682
FBbt:00004782	UPHENO:8001683
FBbt:00004783	UPHENO:8001684
FBbt:00004784	UPHENO:8001685
FBbt:00004785	UPHENO:8001686
FBbt:00004786	UPHENO:8001687
FBbt:00004787	UPHENO:8001688
FBbt:00004788	UPHENO:8001689
FBbt:00004790	UPHENO:8001690
FBbt:00004791	UPHENO:8001691
FBbt:00004792	UPHENO:8001692
FBbt:00004793	UPHENO:8001693
FBbt:00004794	UPHENO:8001694
FBbt:00004795	UPHENO:8001695
FBbt:00004796	UPHENO:8001696
FBbt:00004797	UPHENO:8001697
FBbt:00004800	UPHENO:8001698
FBbt:00004801	UPHENO:8001699
FBbt:00004802	UPHENO:8001700
FBbt:00004803	UPHENO:8001701
FBbt:00004804	UPHENO:8001702
FBbt:00004805	UPHENO:8001703
FBbt:00004807	UPHENO:8001704
FBbt:00004822	UPHENO:8001705
FBbt:00004824	UPHENO:8001706
FBbt:00004825	UPHENO:8001707
FBbt:00004826	UPHENO:8001708
FBbt:00004827	UPHENO:8001709
FBbt:00004828	UPHENO:8001710
FBbt:00004829	UPHENO:8001711
FBbt:00004830	UPHENO:8001712
FBbt:00004832	UPHENO:8001713
FBbt:00004833	UPHENO:8001714
FBbt:00004834	UPHENO:8001715
FBbt:00004835	UPHENO:8001716
FBbt:00004839	UPHENO:8001717
FBbt:00004841	UPHENO:8001718
FBbt:00004842	UPHENO:8001719
FBbt:00004843	UPHENO:8001720
FBbt:00004844	UPHENO:8001721
FBbt:00004847	UPHENO:8001722
FBbt:00004849	UPHENO:8001723
FBbt:00004852	UPHENO:8001724
FBbt:00004857	UPHENO:8001725
FBbt:00004858	UPHENO:8001726
FBbt:00004860	UPHENO:8001727
FBbt:00004861	UPHENO:8001728
FBbt:00004863	UPHENO:8001729
FBbt:00004864	UPHENO:8001730
FBbt:00004865	UPHENO:8001731
FBbt:00004866	UPHENO:8001732
FBbt:00004867	UPHENO:8001733
FBbt:00004868	UPHENO:8001734
FBbt:00004869	UPHENO:8001735
FBbt:00004870	UPHENO:8001736
FBbt:00004871	UPHENO:8001737
FBbt:00004872	UPHENO:8001738
FBbt:00004873	UPHENO:8001739
FBbt:00004875	UPHENO:8001740
FBbt:00004876	UPHENO:8001741
FBbt:00004877	UPHENO:8001742
FBbt:00004878	UPHENO:8001743
FBbt:00004879	UPHENO:8001744
FBbt:00004880	UPHENO:8001745
FBbt:00004881	UPHENO:8001746
FBbt:00004882	UPHENO:8001747
FBbt:00004883	UPHENO:8001748
FBbt:00004884	UPHENO:8001749
FBbt:00004886	UPHENO:8001750
FBbt:00004888	UPHENO:8001751
FBbt:00004889	UPHENO:8001752
FBbt:00004892	UPHENO:8001753
FBbt:00004893	UPHENO:8001754
FBbt:00004894	UPHENO:8001755
FBbt:00004895	UPHENO:8001756
FBbt:00004896	UPHENO:8001757
FBbt:00004899	UPHENO:8001758
FBbt:00004900	UPHENO:8001759
FBbt:00004901	UPHENO:8001760
FBbt:00004903	UPHENO:8001761
FBbt:00004904	UPHENO:8001762
FBbt:00004905	UPHENO:8001763
FBbt:00004906	UPHENO:8001764
FBbt:00004907	UPHENO:8001765
FBbt:00004908	UPHENO:8001766
FBbt:00004910	UPHENO:8001767
FBbt:00004911	UPHENO:8001768
FBbt:00004914	UPHENO:8001769
FBbt:00004918	UPHENO:8001770
FBbt:00004921	UPHENO:8001771
FBbt:00004922	UPHENO:8001772
FBbt:00004923	UPHENO:8001773
FBbt:00004924	UPHENO:8001774
FBbt:00004925	UPHENO:8001775
FBbt:00004926	UPHENO:8001776
FBbt:00004927	UPHENO:8001777
FBbt:00004928	UPHENO:8001778
FBbt:00004929	UPHENO:8001779
FBbt:00004930	UPHENO:8001780
FBbt:00004931	UPHENO:8001781
FBbt:00004933	UPHENO:8001782
FBbt:00004934	UPHENO:8001783
FBbt:00004935	UPHENO:8001784
FBbt:00004936	UPHENO:8001785
FBbt:00004937	UPHENO:8001786
FBbt:00004938	UPHENO:8001787
FBbt:00004939	UPHENO:8001788
FBbt:00004940	UPHENO:8001789
FBbt:00004941	UPHENO:8001790
FBbt:00004942	UPHENO:8001791
FBbt:00004945	UPHENO:8001792
FBbt:00004946	UPHENO:8001793
FBbt:00004948	UPHENO:8001794
FBbt:00004950	UPHENO:8001795
FBbt:00004951	UPHENO:8001796
FBbt:00004954	UPHENO:8001797
FBbt:00004955	UPHENO:8001798
FBbt:00004956	UPHENO:8001799
FBbt:00004958	UPHENO:8001800
FBbt:00004959	UPHENO:8001801
FBbt:00004960	UPHENO:8001802
FBbt:00004961	UPHENO:8001803
FBbt:00004962	UPHENO:8001804
FBbt:00004963	UPHENO:8001805
FBbt:00004965	UPHENO:8001806
FBbt:00004966	UPHENO:8001807
FBbt:00004967	UPHENO:8001808
FBbt:00004970	UPHENO:8001809
FBbt:00004972	UPHENO:8001810
FBbt:00004973	UPHENO:8001811
FBbt:00004974	UPHENO:8001812
FBbt:00004975	UPHENO:8001813
FBbt:00004977	UPHENO:8001814
FBbt:00004979	UPHENO:8001815
FBbt:00004980	UPHENO:8001816
FBbt:00004981	UPHENO:8001817
FBbt:00004982	UPHENO:8001818
FBbt:00004983	UPHENO:8001819
FBbt:00004984	UPHENO:8001820
FBbt:00004985	UPHENO:8001821
FBbt:00004986	UPHENO:8001822
FBbt:00004987	UPHENO:8001823
FBbt:00004990	UPHENO:8001824
FBbt:00004991	UPHENO:8001825
FBbt:00004992	UPHENO:8001826
FBbt:00004993	UPHENO:8001827
FBbt:00004994	UPHENO:8001828
FBbt:00004995	UPHENO:8001829
FBbt:00005024	UPHENO:8001830
FBbt:00005025	UPHENO:8001831
FBbt:00005026	UPHENO:8001832
FBbt:00005027	UPHENO:8001833
FBbt:00005028	UPHENO:8001834
FBbt:00005029	UPHENO:8001835
FBbt:00005030	UPHENO:8001836
FBbt:00005031	UPHENO:8001837
FBbt:00005032	UPHENO:8001838
FBbt:00005033	UPHENO:8001839
FBbt:00005034	UPHENO:8001840
FBbt:00005035	UPHENO:8001841
FBbt:00005036	UPHENO:8001842
FBbt:00005037	UPHENO:8001843
FBbt:00005038	UPHENO:8001844
FBbt:00005039	UPHENO:8001845
FBbt:00005041	UPHENO:8001846
FBbt:00005042	UPHENO:8001847
FBbt:00005043	UPHENO:8001848
FBbt:00005044	UPHENO:8001849
FBbt:00005045	UPHENO:8001850
FBbt:00005046	UPHENO:8001851
FBbt:00005048	UPHENO:8001852
FBbt:00005050	UPHENO:8001853
FBbt:00005052	UPHENO:8001854
FBbt:00005053	UPHENO:8001855
FBbt:00005054	UPHENO:8001856
FBbt:00005058	UPHENO:8001857
FBbt:00005059	UPHENO:8001858
FBbt:00005061	UPHENO:8001859
FBbt:00005062	UPHENO:8001860
FBbt:00005063	UPHENO:8001861
FBbt:00005064	UPHENO:8001862
FBbt:00005066	UPHENO:8001863
FBbt:00005069	UPHENO:8001864
FBbt:00005071	UPHENO:8001865
FBbt:00005072	UPHENO:8001866
FBbt:00005073	UPHENO:8001867
FBbt:00005074	UPHENO:8001868
FBbt:00005075	UPHENO:8001869
FBbt:00005083	UPHENO:8001870
FBbt:00005084	UPHENO:8001871
FBbt:00005085	UPHENO:8001872
FBbt:00005089	UPHENO:8001873
FBbt:00005090	UPHENO:8001874
FBbt:00005091	UPHENO:8001875
FBbt:00005093	UPHENO:8001876
FBbt:00005094	UPHENO:8001877
FBbt:00005095	UPHENO:8001878
FBbt:00005096	UPHENO:8001879
FBbt:00005097	UPHENO:8001880
FBbt:00005098	UPHENO:8001881
FBbt:00005100	UPHENO:8001882
FBbt:00005103	UPHENO:8001883
FBbt:00005104	UPHENO:8001884
FBbt:00005105	UPHENO:8001885
FBbt:00005106	UPHENO:8001886
FBbt:00005110	UPHENO:8001887
FBbt:00005111	UPHENO:8001888
FBbt:00005113	UPHENO:8001889
FBbt:00005114	UPHENO:8001890
FBbt:00005115	UPHENO:8001891
FBbt:00005116	UPHENO:8001892
FBbt:00005117	UPHENO:8001893
FBbt:00005122	UPHENO:8001894
FBbt:00005123	UPHENO:8001895
FBbt:00005124	UPHENO:8001896
FBbt:00005125	UPHENO:8001897
FBbt:00005128	UPHENO:8001898
FBbt:00005130	UPHENO:8001899
FBbt:00005131	UPHENO:8001900
FBbt:00005132	UPHENO:8001901
FBbt:00005133	UPHENO:8001902
FBbt:00005137	UPHENO:8001903
FBbt:00005138	UPHENO:8001904
FBbt:00005139	UPHENO:8001905
FBbt:00005140	UPHENO:8001906
FBbt:00005144	UPHENO:8001907
FBbt:00005145	UPHENO:8001908
FBbt:00005146	UPHENO:8001909
FBbt:00005147	UPHENO:8001910
FBbt:00005149	UPHENO:8001911
FBbt:00005152	UPHENO:8001912
FBbt:00005153	UPHENO:8001913
FBbt:00005155	UPHENO:8001914
FBbt:00005156	UPHENO:8001915
FBbt:00005157	UPHENO:8001916
FBbt:00005158	UPHENO:8001917
FBbt:00005162	UPHENO:8001918
FBbt:00005163	UPHENO:8001919
FBbt:00005164	UPHENO:8001920
FBbt:00005165	UPHENO:8001921
FBbt:00005166	UPHENO:8001922
FBbt:00005167	UPHENO:8001923
FBbt:00005168	UPHENO:8001924
FBbt:00005169	UPHENO:8001925
FBbt:00005171	UPHENO:8001926
FBbt:00005173	UPHENO:8001927
FBbt:00005174	UPHENO:8001928
FBbt:00005175	UPHENO:8001929
FBbt:00005176	UPHENO:8001930
FBbt:00005177	UPHENO:8001931
FBbt:00005178	UPHENO:8001932
FBbt:00005179	UPHENO:8001933
FBbt:00005180	UPHENO:8001934
FBbt:00005181	UPHENO:8001935
FBbt:00005182	UPHENO:8001936
FBbt:00005183	UPHENO:8001937
FBbt:00005184	UPHENO:8001938
FBbt:00005185	UPHENO:8001939
FBbt:00005190	UPHENO:8001940
FBbt:00005198	UPHENO:8001941
FBbt:00005199	UPHENO:8001942
FBbt:00005200	UPHENO:8001943
FBbt:00005201	UPHENO:8001944
FBbt:00005202	UPHENO:8001945
FBbt:00005203	UPHENO:8001946
FBbt:00005204	UPHENO:8001947
FBbt:00005205	UPHENO:8001948
FBbt:00005206	UPHENO:8001949
FBbt:00005207	UPHENO:8001950
FBbt:00005208	UPHENO:8001951
FBbt:00005209	UPHENO:8001952
FBbt:00005211	UPHENO:8001953
FBbt:00005212	UPHENO:8001954
FBbt:00005213	UPHENO:8001955
FBbt:00005215	UPHENO:8001956
FBbt:00005216	UPHENO:8001957
FBbt:00005217	UPHENO:8001958
FBbt:00005218	UPHENO:8001959
FBbt:00005219	UPHENO:8001960
FBbt:00005221	UPHENO:8001961
FBbt:00005222	UPHENO:8001962
FBbt:00005223	UPHENO:8001963
FBbt:00005236	UPHENO:8001964
FBbt:00005246	UPHENO:8001965
FBbt:00005258	UPHENO:8001966
FBbt:00005259	UPHENO:8001967
FBbt:00005260	UPHENO:8001968
FBbt:00005261	UPHENO:8001969
FBbt:00005286	UPHENO:8001970
FBbt:00005287	UPHENO:8001971
FBbt:00005288	UPHENO:8001972
FBbt:00005289	UPHENO:8001973
FBbt:00005310	UPHENO:8001974
FBbt:00005320	UPHENO:8001975
FBbt:00005326	UPHENO:8001976
FBbt:00005378	UPHENO:8001977
FBbt:00005382	UPHENO:8001978
FBbt:00005383	UPHENO:8001979
FBbt:00005384	UPHENO:8001980
FBbt:00005386	UPHENO:8001981
FBbt:00005390	UPHENO:8001982
FBbt:00005391	UPHENO:8001983
FBbt:00005396	UPHENO:8001984
FBbt:00005397	UPHENO:8001985
FBbt:00005398	UPHENO:8001986
FBbt:00005400	UPHENO:8001987
FBbt:00005401	UPHENO:8001988
FBbt:00005402	UPHENO:8001989
FBbt:00005403	UPHENO:8001990
FBbt:00005406	UPHENO:8001991
FBbt:00005407	UPHENO:8001992
FBbt:00005408	UPHENO:8001993
FBbt:00005409	UPHENO:8001994
FBbt:00005410	UPHENO:8001995
FBbt:00005412	UPHENO:8001996
FBbt:00005429	UPHENO:8001997
FBbt:00005466	UPHENO:8001998
FBbt:00005467	UPHENO:8001999
FBbt:00005473	UPHENO:8002000
FBbt:00005475	UPHENO:8002001
FBbt:00005496	UPHENO:8002002
FBbt:00005499	UPHENO:8002003
FBbt:00005500	UPHENO:8002004
FBbt:00005501	UPHENO:8002005
FBbt:00005509	UPHENO:8002006
FBbt:00005510	UPHENO:8002007
FBbt:00005511	UPHENO:8002008
FBbt:00005512	UPHENO:8002009
FBbt:00005518	UPHENO:8002010
FBbt:00005520	UPHENO:8002011
FBbt:00005528	UPHENO:8002012
FBbt:00005533	UPHENO:8002013
FBbt:00005536	UPHENO:8002014
FBbt:00005541	UPHENO:8002015
FBbt:00005550	UPHENO:8002016
FBbt:00005554	UPHENO:8002017
FBbt:00005556	UPHENO:8002018
FBbt:00005560	UPHENO:8002019
FBbt:00005568	UPHENO:8002020
FBbt:00005569	UPHENO:8002021
FBbt:00005574	UPHENO:8002022
FBbt:00005578	UPHENO:8002023
FBbt:00005580	UPHENO:8002024
FBbt:00005581	UPHENO:8002025
FBbt:00005585	UPHENO:8002026
FBbt:00005589	UPHENO:8002027
FBbt:00005591	UPHENO:8002028
FBbt:00005597	UPHENO:8002029
FBbt:00005599	UPHENO:8002030
FBbt:00005606	UPHENO:8002031
FBbt:00005607	UPHENO:8002032
FBbt:00005612	UPHENO:8002033
FBbt:00005620	UPHENO:8002034
FBbt:00005622	UPHENO:8002035
FBbt:00005624	UPHENO:8002036
FBbt:00005628	UPHENO:8002037
FBbt:00005630	UPHENO:8002038
FBbt:00005631	UPHENO:8002039
FBbt:00005632	UPHENO:8002040
FBbt:00005633	UPHENO:8002041
FBbt:00005634	UPHENO:8002042
FBbt:00005635	UPHENO:8002043
FBbt:00005636	UPHENO:8002044
FBbt:00005643	UPHENO:8002045
FBbt:00005645	UPHENO:8002046
FBbt:00005647	UPHENO:8002047
FBbt:00005649	UPHENO:8002048
FBbt:00005651	UPHENO:8002049
FBbt:00005653	UPHENO:8002050
FBbt:00005662	UPHENO:8002051
FBbt:00005663	UPHENO:8002052
FBbt:00005668	UPHENO:8002053
FBbt:00005673	UPHENO:8002054
FBbt:00005675	UPHENO:8002055
FBbt:00005678	UPHENO:8002056
FBbt:00005680	UPHENO:8002057
FBbt:00005682	UPHENO:8002058
FBbt:00005684	UPHENO:8002059
FBbt:00005704	UPHENO:8002060
FBbt:00005720	UPHENO:8002061
FBbt:00005721	UPHENO:8002062
FBbt:00005722	UPHENO:8002063
FBbt:00005725	UPHENO:8002064
FBbt:00005732	UPHENO:8002065
FBbt:00005733	UPHENO:8002066
FBbt:00005736	UPHENO:8002067
FBbt:00005737	UPHENO:8002068
FBbt:00005738	UPHENO:8002069
FBbt:00005739	UPHENO:8002070
FBbt:00005740	UPHENO:8002071
FBbt:00005741	UPHENO:8002072
FBbt:00005744	UPHENO:8002073
FBbt:00005746	UPHENO:8002074
FBbt:00005747	UPHENO:8002075
FBbt:00005748	UPHENO:8002076
FBbt:00005752	UPHENO:8002077
FBbt:00005753	UPHENO:8002078
FBbt:00005755	UPHENO:8002079
FBbt:00005758	UPHENO:8002080
FBbt:00005762	UPHENO:8002081
FBbt:00005763	UPHENO:8002082
FBbt:00005781	UPHENO:8002083
FBbt:00005782	UPHENO:8002084
FBbt:00005783	UPHENO:8002085
FBbt:00005784	UPHENO:8002086
FBbt:00005785	UPHENO:8002087
FBbt:00005786	UPHENO:8002088
FBbt:00005792	UPHENO:8002089
FBbt:00005793	UPHENO:8002090
FBbt:00005795	UPHENO:8002091
FBbt:00005797	UPHENO:8002092
FBbt:00005800	UPHENO:8002093
FBbt:00005801	UPHENO:8002094
FBbt:00005803	UPHENO:8002095
FBbt:00005804	UPHENO:8002096
FBbt:00005805	UPHENO:8002097
FBbt:00005806	UPHENO:8002098
FBbt:00005807	UPHENO:8002099
FBbt:00005808	UPHENO:8002100
FBbt:00005810	UPHENO:8002101
FBbt:00005812	UPHENO:8002102
FBbt:00005814	UPHENO:8002103
FBbt:00005815	UPHENO:8002104
FBbt:00005821	UPHENO:8002105
FBbt:00005829	UPHENO:8002106
FBbt:00005830	UPHENO:8002107
FBbt:00005837	UPHENO:8002108
FBbt:00005838	UPHENO:8002109
FBbt:00005839	UPHENO:8002110
FBbt:00005840	UPHENO:8002111
FBbt:00005841	UPHENO:8002112
FBbt:00005842	UPHENO:8002113
FBbt:00005862	UPHENO:8002114
FBbt:00005882	UPHENO:8002115
FBbt:00005883	UPHENO:8002116
FBbt:00005886	UPHENO:8002117
FBbt:00005888	UPHENO:8002118
FBbt:00005890	UPHENO:8002119
FBbt:00005891	UPHENO:8002120
FBbt:00005892	UPHENO:8002121
FBbt:00005893	UPHENO:8002122
FBbt:00005894	UPHENO:8002123
FBbt:00005895	UPHENO:8002124
FBbt:00005896	UPHENO:8002125
FBbt:00005899	UPHENO:8002126
FBbt:00005903	UPHENO:8002127
FBbt:00005908	UPHENO:8002128
FBbt:00005913	UPHENO:8002129
FBbt:00005914	UPHENO:8002130
FBbt:00005917	UPHENO:8002131
FBbt:00005919	UPHENO:8002132
FBbt:00005920	UPHENO:8002133
FBbt:00005925	UPHENO:8002134
FBbt:00005926	UPHENO:8002135
FBbt:00005927	UPHENO:8002136
FBbt:00005928	UPHENO:8002137
FBbt:00005929	UPHENO:8002138
FBbt:00005947	UPHENO:8002139
FBbt:00005948	UPHENO:8002140
FBbt:00005960	UPHENO:8002141
FBbt:00005961	UPHENO:8002142
FBbt:00005962	UPHENO:8002143
FBbt:00005963	UPHENO:8002144
FBbt:00005964	UPHENO:8002145
FBbt:00005965	UPHENO:8002146
FBbt:00005966	UPHENO:8002147
FBbt:00005967	UPHENO:8002148
FBbt:00005969	UPHENO:8002149
FBbt:00005970	UPHENO:8002150
FBbt:00005971	UPHENO:8002151
FBbt:00005972	UPHENO:8002152
FBbt:00005978	UPHENO:8002153
FBbt:00005980	UPHENO:8002154
FBbt:00005981	UPHENO:8002155
FBbt:00005982	UPHENO:8002156
FBbt:00006000	UPHENO:8002157
FBbt:00006002	UPHENO:8002158
FBbt:00006003	UPHENO:8002159
FBbt:00006004	UPHENO:8002160
FBbt:00006005	UPHENO:8002161
FBbt:00006007	UPHENO:8002162
FBbt:00006008	UPHENO:8002163
FBbt:00006009	UPHENO:8002164
FBbt:00006011	UPHENO:8002165
FBbt:00006013	UPHENO:8002166
FBbt:00006014	UPHENO:8002167
FBbt:00006015	UPHENO:8002168
FBbt:00006017	UPHENO:8002169
FBbt:00006020	UPHENO:8002170
FBbt:00006021	UPHENO:8002171
FBbt:00006022	UPHENO:8002172
FBbt:00006024	UPHENO:8002173
FBbt:00006025	UPHENO:8002174
FBbt:00006029	UPHENO:8002175
FBbt:00006030	UPHENO:8002176
FBbt:00006031	UPHENO:8002177
FBbt:00006032	UPHENO:8002178
FBbt:00006033	UPHENO:8002179
FBbt:00006046	UPHENO:8002180
FBbt:00006048	UPHENO:8002181
FBbt:00006049	UPHENO:8002182
FBbt:00007005	UPHENO:8002183
FBbt:00007021	UPHENO:8002184
FBbt:00007026	UPHENO:8002185
FBbt:00007027	UPHENO:8002186
FBbt:00007028	UPHENO:8002187
FBbt:00007030	UPHENO:8002188
FBbt:00007031	UPHENO:8002189
FBbt:00007036	UPHENO:8002190
FBbt:00007037	UPHENO:8002191
FBbt:00007038	UPHENO:8002192
FBbt:00007039	UPHENO:8002193
FBbt:00007040	UPHENO:8002194
FBbt:00007042	UPHENO:8002195
FBbt:00007050	UPHENO:8002196
FBbt:00007053	UPHENO:8002197
FBbt:00007081	UPHENO:8002198
FBbt:00007084	UPHENO:8002199
FBbt:00007090	UPHENO:8002200
FBbt:00007091	UPHENO:8002201
FBbt:00007097	UPHENO:8002202
FBbt:00007098	UPHENO:8002203
FBbt:00007102	UPHENO:8002204
FBbt:00007103	UPHENO:8002205
FBbt:00007106	UPHENO:8002206
FBbt:00007107	UPHENO:8002207
FBbt:00007108	UPHENO:8002208
FBbt:00007109	UPHENO:8002209
FBbt:00007111	UPHENO:8002210
FBbt:00007112	UPHENO:8002211
FBbt:00007113	UPHENO:8002212
FBbt:00007115	UPHENO:8002213
FBbt:00007135	UPHENO:8002214
FBbt:00007136	UPHENO:8002215
FBbt:00007137	UPHENO:8002216
FBbt:00007138	UPHENO:8002217
FBbt:00007140	UPHENO:8002218
FBbt:00007141	UPHENO:8002219
FBbt:00007142	UPHENO:8002220
FBbt:00007143	UPHENO:8002221
FBbt:00007146	UPHENO:8002222
FBbt:00007150	UPHENO:8002223
FBbt:00007151	UPHENO:8002224
FBbt:00007163	UPHENO:8002225
FBbt:00007164	UPHENO:8002226
FBbt:00007165	UPHENO:8002227
FBbt:00007166	UPHENO:8002228
FBbt:00007173	UPHENO:8002229
FBbt:00007191	UPHENO:8002230
FBbt:00007224	UPHENO:8002231
FBbt:00007226	UPHENO:8002232
FBbt:00007228	UPHENO:8002233
FBbt:00007239	UPHENO:8002234
FBbt:00007250	UPHENO:8002235
FBbt:00007255	UPHENO:8002236
FBbt:00007272	UPHENO:8002237
FBbt:00007273	UPHENO:8002238
FBbt:00007274	UPHENO:8002239
FBbt:00007275	UPHENO:8002240
FBbt:00007319	UPHENO:8002241
FBbt:00007320	UPHENO:8002242
FBbt:00007321	UPHENO:8002243
FBbt:00007322	UPHENO:8002244
FBbt:00007324	UPHENO:8002245
FBbt:00007325	UPHENO:8002246
FBbt:00007326	UPHENO:8002247
FBbt:00007327	UPHENO:8002248
FBbt:00007328	UPHENO:8002249
FBbt:00007329	UPHENO:8002250
FBbt:00007333	UPHENO:8002251
FBbt:00007338	UPHENO:8002252
FBbt:00007352	UPHENO:8002253
FBbt:00007353	UPHENO:8002254
FBbt:00007360	UPHENO:8002255
FBbt:00007361	UPHENO:8002256
FBbt:00007363	UPHENO:8002257
FBbt:00007365	UPHENO:8002258
FBbt:00007366	UPHENO:8002259
FBbt:00007369	UPHENO:8002260
FBbt:00007370	UPHENO:8002261
FBbt:00007377	UPHENO:8002262
FBbt:00007379	UPHENO:8002263
FBbt:00007385	UPHENO:8002264
FBbt:00007386	UPHENO:8002265
FBbt:00007388	UPHENO:8002266
FBbt:00007389	UPHENO:8002267
FBbt:00007390	UPHENO:8002268
FBbt:00007392	UPHENO:8002269
FBbt:00007396	UPHENO:8002270
FBbt:00007401	UPHENO:8002271
FBbt:00007402	UPHENO:8002272
FBbt:00007406	UPHENO:8002273
FBbt:00007410	UPHENO:8002274
FBbt:00007411	UPHENO:8002275
FBbt:00007412	UPHENO:8002276
FBbt:00007413	UPHENO:8002277
FBbt:00007422	UPHENO:8002278
FBbt:00007423	UPHENO:8002279
FBbt:00007426	UPHENO:8002280
FBbt:00007428	UPHENO:8002281
FBbt:00007430	UPHENO:8002282
FBbt:00007437	UPHENO:8002283
FBbt:00007438	UPHENO:8002284
FBbt:00007439	UPHENO:8002285
FBbt:00007446	UPHENO:8002286
FBbt:00007449	UPHENO:8002287
FBbt:00007455	UPHENO:8002288
FBbt:00007456	UPHENO:8002289
FBbt:00007457	UPHENO:8002290
FBbt:00007471	UPHENO:8002291
FBbt:00007472	UPHENO:8002292
FBbt:00007476	UPHENO:8002293
FBbt:00007477	UPHENO:8002294
FBbt:00007484	UPHENO:8002295
FBbt:00007500	UPHENO:8002296
FBbt:00007512	UPHENO:8002297
FBbt:00007513	UPHENO:8002298
FBbt:00007516	UPHENO:8002299
FBbt:00007592	UPHENO:8002300
FBbt:00007595	UPHENO:8002301
FBbt:00007598	UPHENO:8002302
FBbt:00007608	UPHENO:8002303
FBbt:00007622	UPHENO:8002304
FBbt:00007632	UPHENO:8002305
FBbt:00007634	UPHENO:8002306
FBbt:00007636	UPHENO:8002307
FBbt:00007643	UPHENO:8002308
FBbt:00007644	UPHENO:8002309
FBbt:00007646	UPHENO:8002310
FBbt:00007671	UPHENO:8002311
FBbt:00007675	UPHENO:8002312
FBbt:00007676	UPHENO:8002313
FBbt:00007677	UPHENO:8002314
FBbt:00007679	UPHENO:8002315
FBbt:00007684	UPHENO:8002316
FBbt:00008110	UPHENO:8002317
FBbt:00008111	UPHENO:8002318
FBbt:00008113	UPHENO:8002319
FBbt:00011929	UPHENO:8002320
FBbt:00013243	UPHENO:8002321
FBbt:00013688	UPHENO:8002322
FBbt:00013691	UPHENO:8002323
FBbt:00013694	UPHENO:8002324
FBbt:00013695	UPHENO:8002325
FBbt:00013774	UPHENO:8002326
FBbt:00014874	UPHENO:8002327
FBbt:00015246	UPHENO:8002328
FBbt:00015254	UPHENO:8002329
FBbt:00015288	UPHENO:8002330
FBbt:00015407	UPHENO:8002331
FBbt:00015899	UPHENO:8002332
FBbt:00016005	UPHENO:8002333
FBbt:00016007	UPHENO:8002334
FBbt:00016012	UPHENO:8002335
FBbt:00016015	UPHENO:8002336
FBbt:00016016	UPHENO:8002337
FBbt:00016018	UPHENO:8002338
FBbt:00016687	UPHENO:8002339
FBbt:00017001	UPHENO:8002340
FBbt:00017003	UPHENO:8002341
FBbt:00017008	UPHENO:8002342
FBbt:00017010	UPHENO:8002343
FBbt:00017012	UPHENO:8002344
FBbt:00017015	UPHENO:8002345
FBbt:00017020	UPHENO:8002346
FBbt:00017027	UPHENO:8002347
FBbt:00018008	UPHENO:8002348
FBbt:00018009	UPHENO:8002349
FBbt:00026002	UPHENO:8002350
FBbt:00027000	UPHENO:8002351
FBbt:00027001	UPHENO:8002352
FBbt:00040000	UPHENO:8002353
FBbt:00046018	UPHENO:8002354
FBbt:00046035	UPHENO:8002355
FBbt:00046039	UPHENO:8002356
FBbt:00046052	UPHENO:8002357
FBbt:00047097	UPHENO:8002358
FBbt:00047108	UPHENO:8002359
FBbt:00047125	UPHENO:8002360
FBbt:00047143	UPHENO:8002361
FBbt:00047147	UPHENO:8002362
FBbt:00047149	UPHENO:8002363
FBbt:00047151	UPHENO:8002364
FBbt:00047154	UPHENO:8002365
FBbt:00047155	UPHENO:8002366
FBbt:00047162	UPHENO:8002367
FBbt:00047166	UPHENO:8002368
FBbt:00047182	UPHENO:8002369
FBbt:00047212	UPHENO:8002370
FBbt:00047312	UPHENO:8002371
FBbt:00047313	UPHENO:8002372
FBbt:00047487	UPHENO:8002373
FBbt:00047552	UPHENO:8002374
FBbt:00047887	UPHENO:8002375
FBbt:00047889	UPHENO:8002376
FBbt:00047992	UPHENO:8002377
FBbt:00048002	UPHENO:8002378
FBbt:00048004	UPHENO:8002379
FBbt:00048005	UPHENO:8002380
FBbt:00048006	UPHENO:8002381
FBbt:00048007	UPHENO:8002382
FBbt:00048027	UPHENO:8002383
FBbt:00048029	UPHENO:8002384
FBbt:00048112	UPHENO:8002385
FBbt:00048120	UPHENO:8002386
FBbt:00048161	UPHENO:8002387
FBbt:00048162	UPHENO:8002388
FBbt:00048163	UPHENO:8002389
FBbt:00048182	UPHENO:8002390
FBbt:00048184	UPHENO:8002391
FBbt:00048186	UPHENO:8002392
FBbt:00048219	UPHENO:8002393
FBbt:00048220	UPHENO:8002394
FBbt:00048235	UPHENO:8002395
FBbt:00048271	UPHENO:8002396
FBbt:00048282	UPHENO:8002397
FBbt:00048283	UPHENO:8002398
FBbt:00048285	UPHENO:8002399
FBbt:00048289	UPHENO:8002400
FBbt:00048511	UPHENO:8002401
FBbt:00048513	UPHENO:8002402
FBbt:00048514	UPHENO:8002403
FBbt:00048518	UPHENO:8002404
FBbt:00048520	UPHENO:8002405
FBbt:00048554	UPHENO:8002406
FBbt:00049532	UPHENO:8002407
FBbt:00049825	UPHENO:8002408
FBbt:00049826	UPHENO:8002409
FBbt:00049828	UPHENO:8002410
FBbt:00049950	UPHENO:8002411
FBbt:00049952	UPHENO:8002412
FBbt:00049996	UPHENO:8002413
FBbt:00050025	UPHENO:8002414
FBbt:00050185	UPHENO:8002415
FBbt:00051074	UPHENO:8002416
FBbt:00051079	UPHENO:8002417
FBbt:00051420	UPHENO:8002418
FBbt:00051425	UPHENO:8002419
FBbt:00051493	UPHENO:8002420
FBbt:00051969	UPHENO:8002421
FBbt:00052047	UPHENO:8002422
FBbt:00052091	UPHENO:8002423
FBbt:00052179	UPHENO:8002424
FBbt:00057002	UPHENO:8002425
FBbt:00057003	UPHENO:8002426
FBbt:00057011	UPHENO:8002427
FBbt:00057012	UPHENO:8002428
FBbt:00057013	UPHENO:8002429
FBbt:00057146	UPHENO:8002430
FBbt:00057149	UPHENO:8002431
FBbt:00057172	UPHENO:8002432
FBbt:00057175	UPHENO:8002433
FBbt:00058142	UPHENO:8002434
FBbt:00058170	UPHENO:8002435
FBbt:00058173	UPHENO:8002436
FBbt:00058206	UPHENO:8002437
FBbt:00058245	UPHENO:8002438
FBbt:00058255	UPHENO:8002439
FBbt:00058298	UPHENO:8002440
FBbt:00058304	UPHENO:8002441
FBbt:00058426	UPHENO:8002442
FBbt:00058882	UPHENO:8002443
FBbt:00059141	UPHENO:8002444
FBbt:00059142	UPHENO:8002445
FBbt:00059150	UPHENO:8002446
FBbt:00067000	UPHENO:8002447
FBbt:00067001	UPHENO:8002448
FBbt:00067003	UPHENO:8002449
FBbt:00067007	UPHENO:8002450
FBbt:00067010	UPHENO:8002451
FBbt:00067011	UPHENO:8002452
FBbt:00067012	UPHENO:8002453
FBbt:00067013	UPHENO:8002454
FBbt:00067018	UPHENO:8002455
FBbt:00067019	UPHENO:8002456
FBbt:00067020	UPHENO:8002457
FBbt:00067022	UPHENO:8002458
FBbt:00067023	UPHENO:8002459
FBbt:00067025	UPHENO:8002460
FBbt:00067026	UPHENO:8002461
FBbt:00067027	UPHENO:8002462
FBbt:00067030	UPHENO:8002463
FBbt:00067031	UPHENO:8002464
FBbt:00067032	UPHENO:8002465
FBbt:00067033	UPHENO:8002466
FBbt:00067036	UPHENO:8002467
FBbt:00067038	UPHENO:8002468
FBbt:00067039	UPHENO:8002469
FBbt:00067041	UPHENO:8002470
FBbt:00067042	UPHENO:8002471
FBbt:00067043	UPHENO:8002472
FBbt:00067044	UPHENO:8002473
FBbt:00067047	UPHENO:8002474
FBbt:00067048	UPHENO:8002475
FBbt:00067049	UPHENO:8002476
FBbt:00067050	UPHENO:8002477
FBbt:00067052	UPHENO:8002478
FBbt:00067054	UPHENO:8002479
FBbt:00067055	UPHENO:8002480
FBbt:00067056	UPHENO:8002481
FBbt:00067057	UPHENO:8002482
FBbt:00067059	UPHENO:8002483
FBbt:00067060	UPHENO:8002484
FBbt:00067062	UPHENO:8002485
FBbt:00067063	UPHENO:8002486
FBbt:00067064	UPHENO:8002487
FBbt:00067123	UPHENO:8002488
FBbt:00067346	UPHENO:8002489
FBbt:00067349	UPHENO:8002490
FBbt:00067351	UPHENO:8002491
FBbt:00067352	UPHENO:8002492
FBbt:00067353	UPHENO:8002493
FBbt:00067355	UPHENO:8002494
FBbt:00067356	UPHENO:8002495
FBbt:00067357	UPHENO:8002496
FBbt:00067358	UPHENO:8002497
FBbt:00067359	UPHENO:8002498
FBbt:00067360	UPHENO:8002499
FBbt:00067361	UPHENO:8002500
FBbt:00067362	UPHENO:8002501
FBbt:00067363	UPHENO:8002502
FBbt:00067365	UPHENO:8002503
FBbt:00067366	UPHENO:8002504
FBbt:00067367	UPHENO:8002505
FBbt:00067368	UPHENO:8002506
FBbt:00067369	UPHENO:8002507
FBbt:00067371	UPHENO:8002508
FBbt:00067372	UPHENO:8002509
FBbt:00100000	UPHENO:8002510
FBbt:00100024	UPHENO:8002511
FBbt:00100032	UPHENO:8002512
FBbt:00100045	UPHENO:8002513
FBbt:00100069	UPHENO:8002514
FBbt:00100072	UPHENO:8002515
FBbt:00100074	UPHENO:8002516
FBbt:00100075	UPHENO:8002517
FBbt:00100100	UPHENO:8002518
FBbt:00100112	UPHENO:8002519
FBbt:00100113	UPHENO:8002520
FBbt:00100136	UPHENO:8002521
FBbt:00100138	UPHENO:8002522
FBbt:00100150	UPHENO:8002523
FBbt:00100172	UPHENO:8002524
FBbt:00100205	UPHENO:8002525
FBbt:00100206	UPHENO:8002526
FBbt:00100214	UPHENO:8002527
FBbt:00100215	UPHENO:8002528
FBbt:00100216	UPHENO:8002529
FBbt:00100217	UPHENO:8002530
FBbt:00100218	UPHENO:8002531
FBbt:00100219	UPHENO:8002532
FBbt:00100246	UPHENO:8002533
FBbt:00100247	UPHENO:8002534
FBbt:00100248	UPHENO:8002535
FBbt:00100249	UPHENO:8002536
FBbt:00100292	UPHENO:8002537
FBbt:00100310	UPHENO:8002538
FBbt:00100311	UPHENO:8002539
FBbt:00100312	UPHENO:8002540
FBbt:00100497	UPHENO:8002541
FBbt:00100499	UPHENO:8002542
FBbt:00100501	UPHENO:8002543
FBbt:00100504	UPHENO:8002544
FBbt:00100505	UPHENO:8002545
FBbt:00100517	UPHENO:8002546
FBbt:00100521	UPHENO:8002547
FBbt:00100529	UPHENO:8002548
FBbt:00100532	UPHENO:8002549
FBbt:00100533	UPHENO:8002550
FBbt:00100539	UPHENO:8002551
FBbt:00100738	UPHENO:8002552
FBbt:00100750	UPHENO:8002553
FBbt:00110007	UPHENO:8002554
FBbt:00110011	UPHENO:8002555
FBbt:00110014	UPHENO:8002556
FBbt:00110017	UPHENO:8002557
FBbt:00110022	UPHENO:8002558
FBbt:00110023	UPHENO:8002559
FBbt:00110029	UPHENO:8002560
FBbt:00110053	UPHENO:8002561
FBbt:00110054	UPHENO:8002562
FBbt:00110107	UPHENO:8002563
FBbt:00110108	UPHENO:8002564
FBbt:00110109	UPHENO:8002565
FBbt:00110111	UPHENO:8002566
FBbt:00110178	UPHENO:8002567
FBbt:00110179	UPHENO:8002568
FBbt:00110180	UPHENO:8002569
FBbt:00110181	UPHENO:8002570
FBbt:00110182	UPHENO:8002571
FBbt:00110186	UPHENO:8002572
FBbt:00110187	UPHENO:8002573
FBbt:00110188	UPHENO:8002574
FBbt:00110194	UPHENO:8002575
FBbt:00110205	UPHENO:8002576
FBbt:00110206	UPHENO:8002577
FBbt:00110207	UPHENO:8002578
FBbt:00110208	UPHENO:8002579
FBbt:00110221	UPHENO:8002580
FBbt:00110225	UPHENO:8002581
FBbt:00110226	UPHENO:8002582
FBbt:00110228	UPHENO:8002583
FBbt:00110229	UPHENO:8002584
FBbt:00110231	UPHENO:8002585
FBbt:00110234	UPHENO:8002586
FBbt:00110235	UPHENO:8002587
FBbt:00110236	UPHENO:8002588
FBbt:00110239	UPHENO:8002589
FBbt:00110246	UPHENO:8002590
FBbt:00110247	UPHENO:8002591
FBbt:00110256	UPHENO:8002592
FBbt:00110262	UPHENO:8002593
FBbt:00110265	UPHENO:8002594
FBbt:00110268	UPHENO:8002595
FBbt:00110271	UPHENO:8002596
FBbt:00110280	UPHENO:8002597
FBbt:00110299	UPHENO:8002598
FBbt:00110301	UPHENO:8002599
FBbt:00110417	UPHENO:8002600
FBbt:00110449	UPHENO:8002601
FBbt:00110451	UPHENO:8002602
FBbt:00110507	UPHENO:8002603
FBbt:00110555	UPHENO:8002604
FBbt:00110571	UPHENO:8002605
FBbt:00110577	UPHENO:8002606
FBbt:00110579	UPHENO:8002607
FBbt:00110595	UPHENO:8002608
FBbt:00110597	UPHENO:8002609
FBbt:00110639	UPHENO:8002610
FBbt:00110657	UPHENO:8002611
FBbt:00110658	UPHENO:8002612
FBbt:00110667	UPHENO:8002613
FBbt:00110668	UPHENO:8002614
FBbt:00110850	UPHENO:8002615
FBbt:00110852	UPHENO:8002616
FBbt:00110854	UPHENO:8002617
FBbt:00110856	UPHENO:8002618
FBbt:00110858	UPHENO:8002619
FBbt:00110860	UPHENO:8002620
FBbt:00110868	UPHENO:8002621
FBbt:00110869	UPHENO:8002622
FBbt:00110870	UPHENO:8002623
FBbt:00110872	UPHENO:8002624
FBbt:00110877	UPHENO:8002625
FBbt:00110919	UPHENO:8002626
FBbt:00110944	UPHENO:8002627
FBbt:00111015	UPHENO:8002628
FBbt:00111016	UPHENO:8002629
FBbt:00111028	UPHENO:8002630
FBbt:00111221	UPHENO:8002631
FBbt:00111223	UPHENO:8002632
FBbt:00111230	UPHENO:8002633
FBbt:00111273	UPHENO:8002634
FBbt:00111295	UPHENO:8002635
FBbt:00111316	UPHENO:8002636
FBbt:00111335	UPHENO:8002637
FBbt:00111340	UPHENO:8002638
FBbt:00111341	UPHENO:8002639
FBbt:00111424	UPHENO:8002640
FBbt:00111530	UPHENO:8002641
FBbt:00111531	UPHENO:8002642
FBbt:00111532	UPHENO:8002643
FBbt:00111536	UPHENO:8002644
FBbt:00111556	UPHENO:8002645
FBbt:00111557	UPHENO:8002646
FBbt:00111559	UPHENO:8002647
FBbt:00111560	UPHENO:8002648
FBbt:00111562	UPHENO:8002649
FBbt:00111563	UPHENO:8002650
FBbt:00111564	UPHENO:8002651
FBbt:00111566	UPHENO:8002652
FBbt:00111567	UPHENO:8002653
FBbt:00111568	UPHENO:8002654
FBbt:00111569	UPHENO:8002655
FBbt:00111571	UPHENO:8002656
FBbt:00111578	UPHENO:8002657
FBbt:00111581	UPHENO:8002658
FBbt:00111582	UPHENO:8002659
FBbt:00111583	UPHENO:8002660
FBbt:00111584	UPHENO:8002661
FBbt:00111595	UPHENO:8002662
FBbt:00111608	UPHENO:8002663
FBbt:00111609	UPHENO:8002664
FBbt:00111610	UPHENO:8002665
FBbt:00111611	UPHENO:8002666
FBbt:00111612	UPHENO:8002667
FBbt:00111613	UPHENO:8002668
FBbt:00111614	UPHENO:8002669
FBbt:00111631	UPHENO:8002670
FBbt:00111661	UPHENO:8002671
FBbt:00111738	UPHENO:8002672
FBbt:00111739	UPHENO:8002673
FBbt:00111740	UPHENO:8002674
FBbt:00111741	UPHENO:8002675
FBbt:01000595	UPHENO:8002676
FBbt:01000596	UPHENO:8002677
FBbt:01000597	UPHENO:8002678
FBbt:01000615	UPHENO:8002679
FBbt:01000632	UPHENO:8002680
FBbt:01004296	UPHENO:8002681
FBbt:01004450	UPHENO:8002682
FBbt:01005220	UPHENO:8002683
FBbt:02000001	UPHENO:8002684
FBbt:02000002	UPHENO:8002685
FBbt:02000003	UPHENO:8002686
FBbt:02000004	UPHENO:8002687
FBbt:02000005	UPHENO:8002688
FBbt:02000006	UPHENO:8002689
FBbt:10000445	UPHENO:8002690
FBbt:10005249	UPHENO:8002691
FBbt:10005329	UPHENO:8002692
FBbt:10005989	UPHENO:8002693
